Found 1 new pending request(s)
  Notifying about: sarah pinney (sarahsweeneypinney@gmail.com)
  Email sent to ivan.pinney@gmail.com — status 202
  ✓ Done: sarah pinney
Found 1 new pending request(s)
  Notifying about: Paige Garrison, MD (dr.paige@purepediatrics.com)
  Email sent to ivan@barrioenergy.com — status 202
  Done: Paige Garrison, MD
Found 1 new pending request(s)
  Notifying about: Ruth Pinney (rpinney@secondsage.com)
  Email sent to ivan@barrioenergy.com — status 202
  Done: Ruth Pinney
Found 1 new pending request(s)
  Notifying about: Ellen Sweeney (ellensweeney24@gmail.com)
  Email sent to ivan@barrioenergy.com — status 202
  Done: Ellen Sweeney
Traceback (most recent call last):
  File "/usr/local/lib/python3.10/dist-packages/urllib3/connectionpool.py", line 787, in urlopen
    response = self._make_request(
  File "/usr/local/lib/python3.10/dist-packages/urllib3/connectionpool.py", line 534, in _make_request
    response = conn.getresponse()
  File "/usr/local/lib/python3.10/dist-packages/urllib3/connection.py", line 571, in getresponse
    httplib_response = super().getresponse()
  File "/usr/lib/python3.10/http/client.py", line 1395, in getresponse
    response.begin()
  File "/usr/lib/python3.10/http/client.py", line 323, in begin
    version, status, reason = self._read_status()
  File "/usr/lib/python3.10/http/client.py", line 292, in _read_status
    raise RemoteDisconnected("Remote end closed connection without"
http.client.RemoteDisconnected: Remote end closed connection without response

During handling of the above exception, another exception occurred:

Traceback (most recent call last):
  File "/usr/local/lib/python3.10/dist-packages/requests/adapters.py", line 644, in send
    resp = conn.urlopen(
  File "/usr/local/lib/python3.10/dist-packages/urllib3/connectionpool.py", line 841, in urlopen
    retries = retries.increment(
  File "/usr/local/lib/python3.10/dist-packages/urllib3/util/retry.py", line 490, in increment
    raise reraise(type(error), error, _stacktrace)
  File "/usr/local/lib/python3.10/dist-packages/urllib3/util/util.py", line 38, in reraise
    raise value.with_traceback(tb)
  File "/usr/local/lib/python3.10/dist-packages/urllib3/connectionpool.py", line 787, in urlopen
    response = self._make_request(
  File "/usr/local/lib/python3.10/dist-packages/urllib3/connectionpool.py", line 534, in _make_request
    response = conn.getresponse()
  File "/usr/local/lib/python3.10/dist-packages/urllib3/connection.py", line 571, in getresponse
    httplib_response = super().getresponse()
  File "/usr/lib/python3.10/http/client.py", line 1395, in getresponse
    response.begin()
  File "/usr/lib/python3.10/http/client.py", line 323, in begin
    version, status, reason = self._read_status()
  File "/usr/lib/python3.10/http/client.py", line 292, in _read_status
    raise RemoteDisconnected("Remote end closed connection without"
urllib3.exceptions.ProtocolError: ('Connection aborted.', RemoteDisconnected('Remote end closed connection without response'))

During handling of the above exception, another exception occurred:

Traceback (most recent call last):
  File "/usr/local/lib/python3.10/dist-packages/google/auth/transport/requests.py", line 188, in __call__
    response = self.session.request(
  File "/usr/local/lib/python3.10/dist-packages/requests/sessions.py", line 589, in request
    resp = self.send(prep, **send_kwargs)
  File "/usr/local/lib/python3.10/dist-packages/requests/sessions.py", line 703, in send
    r = adapter.send(request, **kwargs)
  File "/usr/local/lib/python3.10/dist-packages/requests/adapters.py", line 659, in send
    raise ConnectionError(err, request=request)
requests.exceptions.ConnectionError: ('Connection aborted.', RemoteDisconnected('Remote end closed connection without response'))

The above exception was the direct cause of the following exception:

Traceback (most recent call last):
  File "/opt/nawgames/scripts/notify_lizardlens.py", line 138, in <module>
    main()
  File "/opt/nawgames/scripts/notify_lizardlens.py", line 119, in main
    token = get_firestore_token()
  File "/opt/nawgames/scripts/notify_lizardlens.py", line 34, in get_firestore_token
    creds.refresh(google.auth.transport.requests.Request())
  File "/usr/local/lib/python3.10/dist-packages/google/auth/credentials.py", line 367, in refresh
    self._perform_refresh_token(request)
  File "/usr/local/lib/python3.10/dist-packages/google/oauth2/service_account.py", line 457, in _perform_refresh_token
    access_token, expiry, _ = _client.jwt_grant(
  File "/usr/local/lib/python3.10/dist-packages/google/oauth2/_client.py", line 303, in jwt_grant
    response_data = _token_endpoint_request(
  File "/usr/local/lib/python3.10/dist-packages/google/oauth2/_client.py", line 263, in _token_endpoint_request
    ) = _token_endpoint_request_no_throw(
  File "/usr/local/lib/python3.10/dist-packages/google/oauth2/_client.py", line 192, in _token_endpoint_request_no_throw
    response = request(
  File "/usr/local/lib/python3.10/dist-packages/google/auth/transport/requests.py", line 195, in __call__
    raise new_exc from caught_exc
google.auth.exceptions.TransportError: ('Connection aborted.', RemoteDisconnected('Remote end closed connection without response'))
Traceback (most recent call last):
  File "/usr/local/lib/python3.10/dist-packages/urllib3/connection.py", line 204, in _new_conn
    sock = connection.create_connection(
  File "/usr/local/lib/python3.10/dist-packages/urllib3/util/connection.py", line 85, in create_connection
    raise err
  File "/usr/local/lib/python3.10/dist-packages/urllib3/util/connection.py", line 73, in create_connection
    sock.connect(sa)
OSError: [Errno 101] Network is unreachable

The above exception was the direct cause of the following exception:

Traceback (most recent call last):
  File "/usr/local/lib/python3.10/dist-packages/urllib3/connectionpool.py", line 787, in urlopen
    response = self._make_request(
  File "/usr/local/lib/python3.10/dist-packages/urllib3/connectionpool.py", line 488, in _make_request
    raise new_e
  File "/usr/local/lib/python3.10/dist-packages/urllib3/connectionpool.py", line 464, in _make_request
    self._validate_conn(conn)
  File "/usr/local/lib/python3.10/dist-packages/urllib3/connectionpool.py", line 1093, in _validate_conn
    conn.connect()
  File "/usr/local/lib/python3.10/dist-packages/urllib3/connection.py", line 759, in connect
    self.sock = sock = self._new_conn()
  File "/usr/local/lib/python3.10/dist-packages/urllib3/connection.py", line 219, in _new_conn
    raise NewConnectionError(
urllib3.exceptions.NewConnectionError: HTTPSConnection(host='oauth2.googleapis.com', port=443): Failed to establish a new connection: [Errno 101] Network is unreachable

The above exception was the direct cause of the following exception:

Traceback (most recent call last):
  File "/usr/local/lib/python3.10/dist-packages/requests/adapters.py", line 644, in send
    resp = conn.urlopen(
  File "/usr/local/lib/python3.10/dist-packages/urllib3/connectionpool.py", line 841, in urlopen
    retries = retries.increment(
  File "/usr/local/lib/python3.10/dist-packages/urllib3/util/retry.py", line 535, in increment
    raise MaxRetryError(_pool, url, reason) from reason  # type: ignore[arg-type]
urllib3.exceptions.MaxRetryError: HTTPSConnectionPool(host='oauth2.googleapis.com', port=443): Max retries exceeded with url: /token (Caused by NewConnectionError("HTTPSConnection(host='oauth2.googleapis.com', port=443): Failed to establish a new connection: [Errno 101] Network is unreachable"))

During handling of the above exception, another exception occurred:

Traceback (most recent call last):
  File "/usr/local/lib/python3.10/dist-packages/google/auth/transport/requests.py", line 188, in __call__
    response = self.session.request(
  File "/usr/local/lib/python3.10/dist-packages/requests/sessions.py", line 589, in request
    resp = self.send(prep, **send_kwargs)
  File "/usr/local/lib/python3.10/dist-packages/requests/sessions.py", line 703, in send
    r = adapter.send(request, **kwargs)
  File "/usr/local/lib/python3.10/dist-packages/requests/adapters.py", line 677, in send
    raise ConnectionError(e, request=request)
requests.exceptions.ConnectionError: HTTPSConnectionPool(host='oauth2.googleapis.com', port=443): Max retries exceeded with url: /token (Caused by NewConnectionError("HTTPSConnection(host='oauth2.googleapis.com', port=443): Failed to establish a new connection: [Errno 101] Network is unreachable"))

The above exception was the direct cause of the following exception:

Traceback (most recent call last):
  File "/opt/nawgames/scripts/notify_lizardlens.py", line 138, in <module>
    main()
  File "/opt/nawgames/scripts/notify_lizardlens.py", line 119, in main
    token = get_firestore_token()
  File "/opt/nawgames/scripts/notify_lizardlens.py", line 34, in get_firestore_token
    creds.refresh(google.auth.transport.requests.Request())
  File "/usr/local/lib/python3.10/dist-packages/google/auth/credentials.py", line 367, in refresh
    self._perform_refresh_token(request)
  File "/usr/local/lib/python3.10/dist-packages/google/oauth2/service_account.py", line 457, in _perform_refresh_token
    access_token, expiry, _ = _client.jwt_grant(
  File "/usr/local/lib/python3.10/dist-packages/google/oauth2/_client.py", line 303, in jwt_grant
    response_data = _token_endpoint_request(
  File "/usr/local/lib/python3.10/dist-packages/google/oauth2/_client.py", line 263, in _token_endpoint_request
    ) = _token_endpoint_request_no_throw(
  File "/usr/local/lib/python3.10/dist-packages/google/oauth2/_client.py", line 192, in _token_endpoint_request_no_throw
    response = request(
  File "/usr/local/lib/python3.10/dist-packages/google/auth/transport/requests.py", line 195, in __call__
    raise new_exc from caught_exc
google.auth.exceptions.TransportError: HTTPSConnectionPool(host='oauth2.googleapis.com', port=443): Max retries exceeded with url: /token (Caused by NewConnectionError("HTTPSConnection(host='oauth2.googleapis.com', port=443): Failed to establish a new connection: [Errno 101] Network is unreachable"))
Error fetching docs: Remote end closed connection without response
Error fetching docs: Remote end closed connection without response
Traceback (most recent call last):
  File "/usr/local/lib/python3.10/dist-packages/urllib3/connectionpool.py", line 787, in urlopen
    response = self._make_request(
  File "/usr/local/lib/python3.10/dist-packages/urllib3/connectionpool.py", line 534, in _make_request
    response = conn.getresponse()
  File "/usr/local/lib/python3.10/dist-packages/urllib3/connection.py", line 571, in getresponse
    httplib_response = super().getresponse()
  File "/usr/lib/python3.10/http/client.py", line 1395, in getresponse
    response.begin()
  File "/usr/lib/python3.10/http/client.py", line 323, in begin
    version, status, reason = self._read_status()
  File "/usr/lib/python3.10/http/client.py", line 292, in _read_status
    raise RemoteDisconnected("Remote end closed connection without"
http.client.RemoteDisconnected: Remote end closed connection without response

During handling of the above exception, another exception occurred:

Traceback (most recent call last):
  File "/usr/local/lib/python3.10/dist-packages/requests/adapters.py", line 644, in send
    resp = conn.urlopen(
  File "/usr/local/lib/python3.10/dist-packages/urllib3/connectionpool.py", line 841, in urlopen
    retries = retries.increment(
  File "/usr/local/lib/python3.10/dist-packages/urllib3/util/retry.py", line 490, in increment
    raise reraise(type(error), error, _stacktrace)
  File "/usr/local/lib/python3.10/dist-packages/urllib3/util/util.py", line 38, in reraise
    raise value.with_traceback(tb)
  File "/usr/local/lib/python3.10/dist-packages/urllib3/connectionpool.py", line 787, in urlopen
    response = self._make_request(
  File "/usr/local/lib/python3.10/dist-packages/urllib3/connectionpool.py", line 534, in _make_request
    response = conn.getresponse()
  File "/usr/local/lib/python3.10/dist-packages/urllib3/connection.py", line 571, in getresponse
    httplib_response = super().getresponse()
  File "/usr/lib/python3.10/http/client.py", line 1395, in getresponse
    response.begin()
  File "/usr/lib/python3.10/http/client.py", line 323, in begin
    version, status, reason = self._read_status()
  File "/usr/lib/python3.10/http/client.py", line 292, in _read_status
    raise RemoteDisconnected("Remote end closed connection without"
urllib3.exceptions.ProtocolError: ('Connection aborted.', RemoteDisconnected('Remote end closed connection without response'))

During handling of the above exception, another exception occurred:

Traceback (most recent call last):
  File "/usr/local/lib/python3.10/dist-packages/google/auth/transport/requests.py", line 188, in __call__
    response = self.session.request(
  File "/usr/local/lib/python3.10/dist-packages/requests/sessions.py", line 589, in request
    resp = self.send(prep, **send_kwargs)
  File "/usr/local/lib/python3.10/dist-packages/requests/sessions.py", line 703, in send
    r = adapter.send(request, **kwargs)
  File "/usr/local/lib/python3.10/dist-packages/requests/adapters.py", line 659, in send
    raise ConnectionError(err, request=request)
requests.exceptions.ConnectionError: ('Connection aborted.', RemoteDisconnected('Remote end closed connection without response'))

The above exception was the direct cause of the following exception:

Traceback (most recent call last):
  File "/opt/nawgames/scripts/notify_lizardlens.py", line 138, in <module>
    main()
  File "/opt/nawgames/scripts/notify_lizardlens.py", line 119, in main
    token = get_firestore_token()
  File "/opt/nawgames/scripts/notify_lizardlens.py", line 34, in get_firestore_token
    creds.refresh(google.auth.transport.requests.Request())
  File "/usr/local/lib/python3.10/dist-packages/google/auth/credentials.py", line 367, in refresh
    self._perform_refresh_token(request)
  File "/usr/local/lib/python3.10/dist-packages/google/oauth2/service_account.py", line 457, in _perform_refresh_token
    access_token, expiry, _ = _client.jwt_grant(
  File "/usr/local/lib/python3.10/dist-packages/google/oauth2/_client.py", line 303, in jwt_grant
    response_data = _token_endpoint_request(
  File "/usr/local/lib/python3.10/dist-packages/google/oauth2/_client.py", line 263, in _token_endpoint_request
    ) = _token_endpoint_request_no_throw(
  File "/usr/local/lib/python3.10/dist-packages/google/oauth2/_client.py", line 192, in _token_endpoint_request_no_throw
    response = request(
  File "/usr/local/lib/python3.10/dist-packages/google/auth/transport/requests.py", line 195, in __call__
    raise new_exc from caught_exc
google.auth.exceptions.TransportError: ('Connection aborted.', RemoteDisconnected('Remote end closed connection without response'))
Traceback (most recent call last):
  File "/usr/local/lib/python3.10/dist-packages/urllib3/connectionpool.py", line 787, in urlopen
    response = self._make_request(
  File "/usr/local/lib/python3.10/dist-packages/urllib3/connectionpool.py", line 534, in _make_request
    response = conn.getresponse()
  File "/usr/local/lib/python3.10/dist-packages/urllib3/connection.py", line 571, in getresponse
    httplib_response = super().getresponse()
  File "/usr/lib/python3.10/http/client.py", line 1395, in getresponse
    response.begin()
  File "/usr/lib/python3.10/http/client.py", line 323, in begin
    version, status, reason = self._read_status()
  File "/usr/lib/python3.10/http/client.py", line 292, in _read_status
    raise RemoteDisconnected("Remote end closed connection without"
http.client.RemoteDisconnected: Remote end closed connection without response

During handling of the above exception, another exception occurred:

Traceback (most recent call last):
  File "/usr/local/lib/python3.10/dist-packages/requests/adapters.py", line 644, in send
    resp = conn.urlopen(
  File "/usr/local/lib/python3.10/dist-packages/urllib3/connectionpool.py", line 841, in urlopen
    retries = retries.increment(
  File "/usr/local/lib/python3.10/dist-packages/urllib3/util/retry.py", line 490, in increment
    raise reraise(type(error), error, _stacktrace)
  File "/usr/local/lib/python3.10/dist-packages/urllib3/util/util.py", line 38, in reraise
    raise value.with_traceback(tb)
  File "/usr/local/lib/python3.10/dist-packages/urllib3/connectionpool.py", line 787, in urlopen
    response = self._make_request(
  File "/usr/local/lib/python3.10/dist-packages/urllib3/connectionpool.py", line 534, in _make_request
    response = conn.getresponse()
  File "/usr/local/lib/python3.10/dist-packages/urllib3/connection.py", line 571, in getresponse
    httplib_response = super().getresponse()
  File "/usr/lib/python3.10/http/client.py", line 1395, in getresponse
    response.begin()
  File "/usr/lib/python3.10/http/client.py", line 323, in begin
    version, status, reason = self._read_status()
  File "/usr/lib/python3.10/http/client.py", line 292, in _read_status
    raise RemoteDisconnected("Remote end closed connection without"
urllib3.exceptions.ProtocolError: ('Connection aborted.', RemoteDisconnected('Remote end closed connection without response'))

During handling of the above exception, another exception occurred:

Traceback (most recent call last):
  File "/usr/local/lib/python3.10/dist-packages/google/auth/transport/requests.py", line 188, in __call__
    response = self.session.request(
  File "/usr/local/lib/python3.10/dist-packages/requests/sessions.py", line 589, in request
    resp = self.send(prep, **send_kwargs)
  File "/usr/local/lib/python3.10/dist-packages/requests/sessions.py", line 703, in send
    r = adapter.send(request, **kwargs)
  File "/usr/local/lib/python3.10/dist-packages/requests/adapters.py", line 659, in send
    raise ConnectionError(err, request=request)
requests.exceptions.ConnectionError: ('Connection aborted.', RemoteDisconnected('Remote end closed connection without response'))

The above exception was the direct cause of the following exception:

Traceback (most recent call last):
  File "/opt/nawgames/scripts/notify_lizardlens.py", line 138, in <module>
    main()
  File "/opt/nawgames/scripts/notify_lizardlens.py", line 119, in main
    token = get_firestore_token()
  File "/opt/nawgames/scripts/notify_lizardlens.py", line 34, in get_firestore_token
    creds.refresh(google.auth.transport.requests.Request())
  File "/usr/local/lib/python3.10/dist-packages/google/auth/credentials.py", line 367, in refresh
    self._perform_refresh_token(request)
  File "/usr/local/lib/python3.10/dist-packages/google/oauth2/service_account.py", line 457, in _perform_refresh_token
    access_token, expiry, _ = _client.jwt_grant(
  File "/usr/local/lib/python3.10/dist-packages/google/oauth2/_client.py", line 303, in jwt_grant
    response_data = _token_endpoint_request(
  File "/usr/local/lib/python3.10/dist-packages/google/oauth2/_client.py", line 263, in _token_endpoint_request
    ) = _token_endpoint_request_no_throw(
  File "/usr/local/lib/python3.10/dist-packages/google/oauth2/_client.py", line 192, in _token_endpoint_request_no_throw
    response = request(
  File "/usr/local/lib/python3.10/dist-packages/google/auth/transport/requests.py", line 195, in __call__
    raise new_exc from caught_exc
google.auth.exceptions.TransportError: ('Connection aborted.', RemoteDisconnected('Remote end closed connection without response'))
Error fetching docs: Remote end closed connection without response
Error fetching docs: Remote end closed connection without response
Error fetching docs: <urlopen error [Errno 104] Connection reset by peer>
Error fetching docs: Remote end closed connection without response
Traceback (most recent call last):
  File "/usr/local/lib/python3.10/dist-packages/urllib3/connectionpool.py", line 787, in urlopen
    response = self._make_request(
  File "/usr/local/lib/python3.10/dist-packages/urllib3/connectionpool.py", line 534, in _make_request
    response = conn.getresponse()
  File "/usr/local/lib/python3.10/dist-packages/urllib3/connection.py", line 571, in getresponse
    httplib_response = super().getresponse()
  File "/usr/lib/python3.10/http/client.py", line 1395, in getresponse
    response.begin()
  File "/usr/lib/python3.10/http/client.py", line 323, in begin
    version, status, reason = self._read_status()
  File "/usr/lib/python3.10/http/client.py", line 292, in _read_status
    raise RemoteDisconnected("Remote end closed connection without"
http.client.RemoteDisconnected: Remote end closed connection without response

During handling of the above exception, another exception occurred:

Traceback (most recent call last):
  File "/usr/local/lib/python3.10/dist-packages/requests/adapters.py", line 644, in send
    resp = conn.urlopen(
  File "/usr/local/lib/python3.10/dist-packages/urllib3/connectionpool.py", line 841, in urlopen
    retries = retries.increment(
  File "/usr/local/lib/python3.10/dist-packages/urllib3/util/retry.py", line 490, in increment
    raise reraise(type(error), error, _stacktrace)
  File "/usr/local/lib/python3.10/dist-packages/urllib3/util/util.py", line 38, in reraise
    raise value.with_traceback(tb)
  File "/usr/local/lib/python3.10/dist-packages/urllib3/connectionpool.py", line 787, in urlopen
    response = self._make_request(
  File "/usr/local/lib/python3.10/dist-packages/urllib3/connectionpool.py", line 534, in _make_request
    response = conn.getresponse()
  File "/usr/local/lib/python3.10/dist-packages/urllib3/connection.py", line 571, in getresponse
    httplib_response = super().getresponse()
  File "/usr/lib/python3.10/http/client.py", line 1395, in getresponse
    response.begin()
  File "/usr/lib/python3.10/http/client.py", line 323, in begin
    version, status, reason = self._read_status()
  File "/usr/lib/python3.10/http/client.py", line 292, in _read_status
    raise RemoteDisconnected("Remote end closed connection without"
urllib3.exceptions.ProtocolError: ('Connection aborted.', RemoteDisconnected('Remote end closed connection without response'))

During handling of the above exception, another exception occurred:

Traceback (most recent call last):
  File "/usr/local/lib/python3.10/dist-packages/google/auth/transport/requests.py", line 188, in __call__
    response = self.session.request(
  File "/usr/local/lib/python3.10/dist-packages/requests/sessions.py", line 589, in request
    resp = self.send(prep, **send_kwargs)
  File "/usr/local/lib/python3.10/dist-packages/requests/sessions.py", line 703, in send
    r = adapter.send(request, **kwargs)
  File "/usr/local/lib/python3.10/dist-packages/requests/adapters.py", line 659, in send
    raise ConnectionError(err, request=request)
requests.exceptions.ConnectionError: ('Connection aborted.', RemoteDisconnected('Remote end closed connection without response'))

The above exception was the direct cause of the following exception:

Traceback (most recent call last):
  File "/opt/nawgames/scripts/notify_lizardlens.py", line 138, in <module>
    main()
  File "/opt/nawgames/scripts/notify_lizardlens.py", line 119, in main
    token = get_firestore_token()
  File "/opt/nawgames/scripts/notify_lizardlens.py", line 34, in get_firestore_token
    creds.refresh(google.auth.transport.requests.Request())
  File "/usr/local/lib/python3.10/dist-packages/google/auth/credentials.py", line 367, in refresh
    self._perform_refresh_token(request)
  File "/usr/local/lib/python3.10/dist-packages/google/oauth2/service_account.py", line 457, in _perform_refresh_token
    access_token, expiry, _ = _client.jwt_grant(
  File "/usr/local/lib/python3.10/dist-packages/google/oauth2/_client.py", line 303, in jwt_grant
    response_data = _token_endpoint_request(
  File "/usr/local/lib/python3.10/dist-packages/google/oauth2/_client.py", line 263, in _token_endpoint_request
    ) = _token_endpoint_request_no_throw(
  File "/usr/local/lib/python3.10/dist-packages/google/oauth2/_client.py", line 192, in _token_endpoint_request_no_throw
    response = request(
  File "/usr/local/lib/python3.10/dist-packages/google/auth/transport/requests.py", line 195, in __call__
    raise new_exc from caught_exc
google.auth.exceptions.TransportError: ('Connection aborted.', RemoteDisconnected('Remote end closed connection without response'))
Error fetching docs: Remote end closed connection without response
Error fetching docs: Remote end closed connection without response
Traceback (most recent call last):
  File "/usr/local/lib/python3.10/dist-packages/urllib3/connectionpool.py", line 787, in urlopen
    response = self._make_request(
  File "/usr/local/lib/python3.10/dist-packages/urllib3/connectionpool.py", line 534, in _make_request
    response = conn.getresponse()
  File "/usr/local/lib/python3.10/dist-packages/urllib3/connection.py", line 571, in getresponse
    httplib_response = super().getresponse()
  File "/usr/lib/python3.10/http/client.py", line 1395, in getresponse
    response.begin()
  File "/usr/lib/python3.10/http/client.py", line 323, in begin
    version, status, reason = self._read_status()
  File "/usr/lib/python3.10/http/client.py", line 292, in _read_status
    raise RemoteDisconnected("Remote end closed connection without"
http.client.RemoteDisconnected: Remote end closed connection without response

During handling of the above exception, another exception occurred:

Traceback (most recent call last):
  File "/usr/local/lib/python3.10/dist-packages/requests/adapters.py", line 644, in send
    resp = conn.urlopen(
  File "/usr/local/lib/python3.10/dist-packages/urllib3/connectionpool.py", line 841, in urlopen
    retries = retries.increment(
  File "/usr/local/lib/python3.10/dist-packages/urllib3/util/retry.py", line 490, in increment
    raise reraise(type(error), error, _stacktrace)
  File "/usr/local/lib/python3.10/dist-packages/urllib3/util/util.py", line 38, in reraise
    raise value.with_traceback(tb)
  File "/usr/local/lib/python3.10/dist-packages/urllib3/connectionpool.py", line 787, in urlopen
    response = self._make_request(
  File "/usr/local/lib/python3.10/dist-packages/urllib3/connectionpool.py", line 534, in _make_request
    response = conn.getresponse()
  File "/usr/local/lib/python3.10/dist-packages/urllib3/connection.py", line 571, in getresponse
    httplib_response = super().getresponse()
  File "/usr/lib/python3.10/http/client.py", line 1395, in getresponse
    response.begin()
  File "/usr/lib/python3.10/http/client.py", line 323, in begin
    version, status, reason = self._read_status()
  File "/usr/lib/python3.10/http/client.py", line 292, in _read_status
    raise RemoteDisconnected("Remote end closed connection without"
urllib3.exceptions.ProtocolError: ('Connection aborted.', RemoteDisconnected('Remote end closed connection without response'))

During handling of the above exception, another exception occurred:

Traceback (most recent call last):
  File "/usr/local/lib/python3.10/dist-packages/google/auth/transport/requests.py", line 188, in __call__
    response = self.session.request(
  File "/usr/local/lib/python3.10/dist-packages/requests/sessions.py", line 589, in request
    resp = self.send(prep, **send_kwargs)
  File "/usr/local/lib/python3.10/dist-packages/requests/sessions.py", line 703, in send
    r = adapter.send(request, **kwargs)
  File "/usr/local/lib/python3.10/dist-packages/requests/adapters.py", line 659, in send
    raise ConnectionError(err, request=request)
requests.exceptions.ConnectionError: ('Connection aborted.', RemoteDisconnected('Remote end closed connection without response'))

The above exception was the direct cause of the following exception:

Traceback (most recent call last):
  File "/opt/nawgames/scripts/notify_lizardlens.py", line 138, in <module>
    main()
  File "/opt/nawgames/scripts/notify_lizardlens.py", line 119, in main
    token = get_firestore_token()
  File "/opt/nawgames/scripts/notify_lizardlens.py", line 34, in get_firestore_token
    creds.refresh(google.auth.transport.requests.Request())
  File "/usr/local/lib/python3.10/dist-packages/google/auth/credentials.py", line 367, in refresh
    self._perform_refresh_token(request)
  File "/usr/local/lib/python3.10/dist-packages/google/oauth2/service_account.py", line 457, in _perform_refresh_token
    access_token, expiry, _ = _client.jwt_grant(
  File "/usr/local/lib/python3.10/dist-packages/google/oauth2/_client.py", line 303, in jwt_grant
    response_data = _token_endpoint_request(
  File "/usr/local/lib/python3.10/dist-packages/google/oauth2/_client.py", line 263, in _token_endpoint_request
    ) = _token_endpoint_request_no_throw(
  File "/usr/local/lib/python3.10/dist-packages/google/oauth2/_client.py", line 192, in _token_endpoint_request_no_throw
    response = request(
  File "/usr/local/lib/python3.10/dist-packages/google/auth/transport/requests.py", line 195, in __call__
    raise new_exc from caught_exc
google.auth.exceptions.TransportError: ('Connection aborted.', RemoteDisconnected('Remote end closed connection without response'))
Traceback (most recent call last):
  File "/usr/local/lib/python3.10/dist-packages/urllib3/connectionpool.py", line 787, in urlopen
    response = self._make_request(
  File "/usr/local/lib/python3.10/dist-packages/urllib3/connectionpool.py", line 534, in _make_request
    response = conn.getresponse()
  File "/usr/local/lib/python3.10/dist-packages/urllib3/connection.py", line 571, in getresponse
    httplib_response = super().getresponse()
  File "/usr/lib/python3.10/http/client.py", line 1395, in getresponse
    response.begin()
  File "/usr/lib/python3.10/http/client.py", line 323, in begin
    version, status, reason = self._read_status()
  File "/usr/lib/python3.10/http/client.py", line 292, in _read_status
    raise RemoteDisconnected("Remote end closed connection without"
http.client.RemoteDisconnected: Remote end closed connection without response

During handling of the above exception, another exception occurred:

Traceback (most recent call last):
  File "/usr/local/lib/python3.10/dist-packages/requests/adapters.py", line 644, in send
    resp = conn.urlopen(
  File "/usr/local/lib/python3.10/dist-packages/urllib3/connectionpool.py", line 841, in urlopen
    retries = retries.increment(
  File "/usr/local/lib/python3.10/dist-packages/urllib3/util/retry.py", line 490, in increment
    raise reraise(type(error), error, _stacktrace)
  File "/usr/local/lib/python3.10/dist-packages/urllib3/util/util.py", line 38, in reraise
    raise value.with_traceback(tb)
  File "/usr/local/lib/python3.10/dist-packages/urllib3/connectionpool.py", line 787, in urlopen
    response = self._make_request(
  File "/usr/local/lib/python3.10/dist-packages/urllib3/connectionpool.py", line 534, in _make_request
    response = conn.getresponse()
  File "/usr/local/lib/python3.10/dist-packages/urllib3/connection.py", line 571, in getresponse
    httplib_response = super().getresponse()
  File "/usr/lib/python3.10/http/client.py", line 1395, in getresponse
    response.begin()
  File "/usr/lib/python3.10/http/client.py", line 323, in begin
    version, status, reason = self._read_status()
  File "/usr/lib/python3.10/http/client.py", line 292, in _read_status
    raise RemoteDisconnected("Remote end closed connection without"
urllib3.exceptions.ProtocolError: ('Connection aborted.', RemoteDisconnected('Remote end closed connection without response'))

During handling of the above exception, another exception occurred:

Traceback (most recent call last):
  File "/usr/local/lib/python3.10/dist-packages/google/auth/transport/requests.py", line 188, in __call__
    response = self.session.request(
  File "/usr/local/lib/python3.10/dist-packages/requests/sessions.py", line 589, in request
    resp = self.send(prep, **send_kwargs)
  File "/usr/local/lib/python3.10/dist-packages/requests/sessions.py", line 703, in send
    r = adapter.send(request, **kwargs)
  File "/usr/local/lib/python3.10/dist-packages/requests/adapters.py", line 659, in send
    raise ConnectionError(err, request=request)
requests.exceptions.ConnectionError: ('Connection aborted.', RemoteDisconnected('Remote end closed connection without response'))

The above exception was the direct cause of the following exception:

Traceback (most recent call last):
  File "/opt/nawgames/scripts/notify_lizardlens.py", line 138, in <module>
    main()
  File "/opt/nawgames/scripts/notify_lizardlens.py", line 119, in main
    token = get_firestore_token()
  File "/opt/nawgames/scripts/notify_lizardlens.py", line 34, in get_firestore_token
    creds.refresh(google.auth.transport.requests.Request())
  File "/usr/local/lib/python3.10/dist-packages/google/auth/credentials.py", line 367, in refresh
    self._perform_refresh_token(request)
  File "/usr/local/lib/python3.10/dist-packages/google/oauth2/service_account.py", line 457, in _perform_refresh_token
    access_token, expiry, _ = _client.jwt_grant(
  File "/usr/local/lib/python3.10/dist-packages/google/oauth2/_client.py", line 303, in jwt_grant
    response_data = _token_endpoint_request(
  File "/usr/local/lib/python3.10/dist-packages/google/oauth2/_client.py", line 263, in _token_endpoint_request
    ) = _token_endpoint_request_no_throw(
  File "/usr/local/lib/python3.10/dist-packages/google/oauth2/_client.py", line 192, in _token_endpoint_request_no_throw
    response = request(
  File "/usr/local/lib/python3.10/dist-packages/google/auth/transport/requests.py", line 195, in __call__
    raise new_exc from caught_exc
google.auth.exceptions.TransportError: ('Connection aborted.', RemoteDisconnected('Remote end closed connection without response'))
Traceback (most recent call last):
  File "/usr/local/lib/python3.10/dist-packages/urllib3/connectionpool.py", line 787, in urlopen
    response = self._make_request(
  File "/usr/local/lib/python3.10/dist-packages/urllib3/connectionpool.py", line 534, in _make_request
    response = conn.getresponse()
  File "/usr/local/lib/python3.10/dist-packages/urllib3/connection.py", line 571, in getresponse
    httplib_response = super().getresponse()
  File "/usr/lib/python3.10/http/client.py", line 1395, in getresponse
    response.begin()
  File "/usr/lib/python3.10/http/client.py", line 323, in begin
    version, status, reason = self._read_status()
  File "/usr/lib/python3.10/http/client.py", line 292, in _read_status
    raise RemoteDisconnected("Remote end closed connection without"
http.client.RemoteDisconnected: Remote end closed connection without response

During handling of the above exception, another exception occurred:

Traceback (most recent call last):
  File "/usr/local/lib/python3.10/dist-packages/requests/adapters.py", line 644, in send
    resp = conn.urlopen(
  File "/usr/local/lib/python3.10/dist-packages/urllib3/connectionpool.py", line 841, in urlopen
    retries = retries.increment(
  File "/usr/local/lib/python3.10/dist-packages/urllib3/util/retry.py", line 490, in increment
    raise reraise(type(error), error, _stacktrace)
  File "/usr/local/lib/python3.10/dist-packages/urllib3/util/util.py", line 38, in reraise
    raise value.with_traceback(tb)
  File "/usr/local/lib/python3.10/dist-packages/urllib3/connectionpool.py", line 787, in urlopen
    response = self._make_request(
  File "/usr/local/lib/python3.10/dist-packages/urllib3/connectionpool.py", line 534, in _make_request
    response = conn.getresponse()
  File "/usr/local/lib/python3.10/dist-packages/urllib3/connection.py", line 571, in getresponse
    httplib_response = super().getresponse()
  File "/usr/lib/python3.10/http/client.py", line 1395, in getresponse
    response.begin()
  File "/usr/lib/python3.10/http/client.py", line 323, in begin
    version, status, reason = self._read_status()
  File "/usr/lib/python3.10/http/client.py", line 292, in _read_status
    raise RemoteDisconnected("Remote end closed connection without"
urllib3.exceptions.ProtocolError: ('Connection aborted.', RemoteDisconnected('Remote end closed connection without response'))

During handling of the above exception, another exception occurred:

Traceback (most recent call last):
  File "/usr/local/lib/python3.10/dist-packages/google/auth/transport/requests.py", line 188, in __call__
    response = self.session.request(
  File "/usr/local/lib/python3.10/dist-packages/requests/sessions.py", line 589, in request
    resp = self.send(prep, **send_kwargs)
  File "/usr/local/lib/python3.10/dist-packages/requests/sessions.py", line 703, in send
    r = adapter.send(request, **kwargs)
  File "/usr/local/lib/python3.10/dist-packages/requests/adapters.py", line 659, in send
    raise ConnectionError(err, request=request)
requests.exceptions.ConnectionError: ('Connection aborted.', RemoteDisconnected('Remote end closed connection without response'))

The above exception was the direct cause of the following exception:

Traceback (most recent call last):
  File "/opt/nawgames/scripts/notify_lizardlens.py", line 138, in <module>
    main()
  File "/opt/nawgames/scripts/notify_lizardlens.py", line 119, in main
    token = get_firestore_token()
  File "/opt/nawgames/scripts/notify_lizardlens.py", line 34, in get_firestore_token
    creds.refresh(google.auth.transport.requests.Request())
  File "/usr/local/lib/python3.10/dist-packages/google/auth/credentials.py", line 367, in refresh
    self._perform_refresh_token(request)
  File "/usr/local/lib/python3.10/dist-packages/google/oauth2/service_account.py", line 457, in _perform_refresh_token
    access_token, expiry, _ = _client.jwt_grant(
  File "/usr/local/lib/python3.10/dist-packages/google/oauth2/_client.py", line 303, in jwt_grant
    response_data = _token_endpoint_request(
  File "/usr/local/lib/python3.10/dist-packages/google/oauth2/_client.py", line 263, in _token_endpoint_request
    ) = _token_endpoint_request_no_throw(
  File "/usr/local/lib/python3.10/dist-packages/google/oauth2/_client.py", line 192, in _token_endpoint_request_no_throw
    response = request(
  File "/usr/local/lib/python3.10/dist-packages/google/auth/transport/requests.py", line 195, in __call__
    raise new_exc from caught_exc
google.auth.exceptions.TransportError: ('Connection aborted.', RemoteDisconnected('Remote end closed connection without response'))
Traceback (most recent call last):
  File "/usr/local/lib/python3.10/dist-packages/urllib3/connectionpool.py", line 787, in urlopen
    response = self._make_request(
  File "/usr/local/lib/python3.10/dist-packages/urllib3/connectionpool.py", line 534, in _make_request
    response = conn.getresponse()
  File "/usr/local/lib/python3.10/dist-packages/urllib3/connection.py", line 571, in getresponse
    httplib_response = super().getresponse()
  File "/usr/lib/python3.10/http/client.py", line 1395, in getresponse
    response.begin()
  File "/usr/lib/python3.10/http/client.py", line 323, in begin
    version, status, reason = self._read_status()
  File "/usr/lib/python3.10/http/client.py", line 292, in _read_status
    raise RemoteDisconnected("Remote end closed connection without"
http.client.RemoteDisconnected: Remote end closed connection without response

During handling of the above exception, another exception occurred:

Traceback (most recent call last):
  File "/usr/local/lib/python3.10/dist-packages/requests/adapters.py", line 644, in send
    resp = conn.urlopen(
  File "/usr/local/lib/python3.10/dist-packages/urllib3/connectionpool.py", line 841, in urlopen
    retries = retries.increment(
  File "/usr/local/lib/python3.10/dist-packages/urllib3/util/retry.py", line 490, in increment
    raise reraise(type(error), error, _stacktrace)
  File "/usr/local/lib/python3.10/dist-packages/urllib3/util/util.py", line 38, in reraise
    raise value.with_traceback(tb)
  File "/usr/local/lib/python3.10/dist-packages/urllib3/connectionpool.py", line 787, in urlopen
    response = self._make_request(
  File "/usr/local/lib/python3.10/dist-packages/urllib3/connectionpool.py", line 534, in _make_request
    response = conn.getresponse()
  File "/usr/local/lib/python3.10/dist-packages/urllib3/connection.py", line 571, in getresponse
    httplib_response = super().getresponse()
  File "/usr/lib/python3.10/http/client.py", line 1395, in getresponse
    response.begin()
  File "/usr/lib/python3.10/http/client.py", line 323, in begin
    version, status, reason = self._read_status()
  File "/usr/lib/python3.10/http/client.py", line 292, in _read_status
    raise RemoteDisconnected("Remote end closed connection without"
urllib3.exceptions.ProtocolError: ('Connection aborted.', RemoteDisconnected('Remote end closed connection without response'))

During handling of the above exception, another exception occurred:

Traceback (most recent call last):
  File "/usr/local/lib/python3.10/dist-packages/google/auth/transport/requests.py", line 188, in __call__
    response = self.session.request(
  File "/usr/local/lib/python3.10/dist-packages/requests/sessions.py", line 589, in request
    resp = self.send(prep, **send_kwargs)
  File "/usr/local/lib/python3.10/dist-packages/requests/sessions.py", line 703, in send
    r = adapter.send(request, **kwargs)
  File "/usr/local/lib/python3.10/dist-packages/requests/adapters.py", line 659, in send
    raise ConnectionError(err, request=request)
requests.exceptions.ConnectionError: ('Connection aborted.', RemoteDisconnected('Remote end closed connection without response'))

The above exception was the direct cause of the following exception:

Traceback (most recent call last):
  File "/opt/nawgames/scripts/notify_lizardlens.py", line 138, in <module>
    main()
  File "/opt/nawgames/scripts/notify_lizardlens.py", line 119, in main
    token = get_firestore_token()
  File "/opt/nawgames/scripts/notify_lizardlens.py", line 34, in get_firestore_token
    creds.refresh(google.auth.transport.requests.Request())
  File "/usr/local/lib/python3.10/dist-packages/google/auth/credentials.py", line 367, in refresh
    self._perform_refresh_token(request)
  File "/usr/local/lib/python3.10/dist-packages/google/oauth2/service_account.py", line 457, in _perform_refresh_token
    access_token, expiry, _ = _client.jwt_grant(
  File "/usr/local/lib/python3.10/dist-packages/google/oauth2/_client.py", line 303, in jwt_grant
    response_data = _token_endpoint_request(
  File "/usr/local/lib/python3.10/dist-packages/google/oauth2/_client.py", line 263, in _token_endpoint_request
    ) = _token_endpoint_request_no_throw(
  File "/usr/local/lib/python3.10/dist-packages/google/oauth2/_client.py", line 192, in _token_endpoint_request_no_throw
    response = request(
  File "/usr/local/lib/python3.10/dist-packages/google/auth/transport/requests.py", line 195, in __call__
    raise new_exc from caught_exc
google.auth.exceptions.TransportError: ('Connection aborted.', RemoteDisconnected('Remote end closed connection without response'))
Traceback (most recent call last):
  File "/usr/local/lib/python3.10/dist-packages/urllib3/connectionpool.py", line 787, in urlopen
    response = self._make_request(
  File "/usr/local/lib/python3.10/dist-packages/urllib3/connectionpool.py", line 534, in _make_request
    response = conn.getresponse()
  File "/usr/local/lib/python3.10/dist-packages/urllib3/connection.py", line 571, in getresponse
    httplib_response = super().getresponse()
  File "/usr/lib/python3.10/http/client.py", line 1395, in getresponse
    response.begin()
  File "/usr/lib/python3.10/http/client.py", line 323, in begin
    version, status, reason = self._read_status()
  File "/usr/lib/python3.10/http/client.py", line 292, in _read_status
    raise RemoteDisconnected("Remote end closed connection without"
http.client.RemoteDisconnected: Remote end closed connection without response

During handling of the above exception, another exception occurred:

Traceback (most recent call last):
  File "/usr/local/lib/python3.10/dist-packages/requests/adapters.py", line 644, in send
    resp = conn.urlopen(
  File "/usr/local/lib/python3.10/dist-packages/urllib3/connectionpool.py", line 841, in urlopen
    retries = retries.increment(
  File "/usr/local/lib/python3.10/dist-packages/urllib3/util/retry.py", line 490, in increment
    raise reraise(type(error), error, _stacktrace)
  File "/usr/local/lib/python3.10/dist-packages/urllib3/util/util.py", line 38, in reraise
    raise value.with_traceback(tb)
  File "/usr/local/lib/python3.10/dist-packages/urllib3/connectionpool.py", line 787, in urlopen
    response = self._make_request(
  File "/usr/local/lib/python3.10/dist-packages/urllib3/connectionpool.py", line 534, in _make_request
    response = conn.getresponse()
  File "/usr/local/lib/python3.10/dist-packages/urllib3/connection.py", line 571, in getresponse
    httplib_response = super().getresponse()
  File "/usr/lib/python3.10/http/client.py", line 1395, in getresponse
    response.begin()
  File "/usr/lib/python3.10/http/client.py", line 323, in begin
    version, status, reason = self._read_status()
  File "/usr/lib/python3.10/http/client.py", line 292, in _read_status
    raise RemoteDisconnected("Remote end closed connection without"
urllib3.exceptions.ProtocolError: ('Connection aborted.', RemoteDisconnected('Remote end closed connection without response'))

During handling of the above exception, another exception occurred:

Traceback (most recent call last):
  File "/usr/local/lib/python3.10/dist-packages/google/auth/transport/requests.py", line 188, in __call__
    response = self.session.request(
  File "/usr/local/lib/python3.10/dist-packages/requests/sessions.py", line 589, in request
    resp = self.send(prep, **send_kwargs)
  File "/usr/local/lib/python3.10/dist-packages/requests/sessions.py", line 703, in send
    r = adapter.send(request, **kwargs)
  File "/usr/local/lib/python3.10/dist-packages/requests/adapters.py", line 659, in send
    raise ConnectionError(err, request=request)
requests.exceptions.ConnectionError: ('Connection aborted.', RemoteDisconnected('Remote end closed connection without response'))

The above exception was the direct cause of the following exception:

Traceback (most recent call last):
  File "/opt/nawgames/scripts/notify_lizardlens.py", line 138, in <module>
    main()
  File "/opt/nawgames/scripts/notify_lizardlens.py", line 119, in main
    token = get_firestore_token()
  File "/opt/nawgames/scripts/notify_lizardlens.py", line 34, in get_firestore_token
    creds.refresh(google.auth.transport.requests.Request())
  File "/usr/local/lib/python3.10/dist-packages/google/auth/credentials.py", line 367, in refresh
    self._perform_refresh_token(request)
  File "/usr/local/lib/python3.10/dist-packages/google/oauth2/service_account.py", line 457, in _perform_refresh_token
    access_token, expiry, _ = _client.jwt_grant(
  File "/usr/local/lib/python3.10/dist-packages/google/oauth2/_client.py", line 303, in jwt_grant
    response_data = _token_endpoint_request(
  File "/usr/local/lib/python3.10/dist-packages/google/oauth2/_client.py", line 263, in _token_endpoint_request
    ) = _token_endpoint_request_no_throw(
  File "/usr/local/lib/python3.10/dist-packages/google/oauth2/_client.py", line 192, in _token_endpoint_request_no_throw
    response = request(
  File "/usr/local/lib/python3.10/dist-packages/google/auth/transport/requests.py", line 195, in __call__
    raise new_exc from caught_exc
google.auth.exceptions.TransportError: ('Connection aborted.', RemoteDisconnected('Remote end closed connection without response'))
Traceback (most recent call last):
  File "/usr/local/lib/python3.10/dist-packages/urllib3/connectionpool.py", line 787, in urlopen
    response = self._make_request(
  File "/usr/local/lib/python3.10/dist-packages/urllib3/connectionpool.py", line 534, in _make_request
    response = conn.getresponse()
  File "/usr/local/lib/python3.10/dist-packages/urllib3/connection.py", line 571, in getresponse
    httplib_response = super().getresponse()
  File "/usr/lib/python3.10/http/client.py", line 1395, in getresponse
    response.begin()
  File "/usr/lib/python3.10/http/client.py", line 323, in begin
    version, status, reason = self._read_status()
  File "/usr/lib/python3.10/http/client.py", line 292, in _read_status
    raise RemoteDisconnected("Remote end closed connection without"
http.client.RemoteDisconnected: Remote end closed connection without response

During handling of the above exception, another exception occurred:

Traceback (most recent call last):
  File "/usr/local/lib/python3.10/dist-packages/requests/adapters.py", line 644, in send
    resp = conn.urlopen(
  File "/usr/local/lib/python3.10/dist-packages/urllib3/connectionpool.py", line 841, in urlopen
    retries = retries.increment(
  File "/usr/local/lib/python3.10/dist-packages/urllib3/util/retry.py", line 490, in increment
    raise reraise(type(error), error, _stacktrace)
  File "/usr/local/lib/python3.10/dist-packages/urllib3/util/util.py", line 38, in reraise
    raise value.with_traceback(tb)
  File "/usr/local/lib/python3.10/dist-packages/urllib3/connectionpool.py", line 787, in urlopen
    response = self._make_request(
  File "/usr/local/lib/python3.10/dist-packages/urllib3/connectionpool.py", line 534, in _make_request
    response = conn.getresponse()
  File "/usr/local/lib/python3.10/dist-packages/urllib3/connection.py", line 571, in getresponse
    httplib_response = super().getresponse()
  File "/usr/lib/python3.10/http/client.py", line 1395, in getresponse
    response.begin()
  File "/usr/lib/python3.10/http/client.py", line 323, in begin
    version, status, reason = self._read_status()
  File "/usr/lib/python3.10/http/client.py", line 292, in _read_status
    raise RemoteDisconnected("Remote end closed connection without"
urllib3.exceptions.ProtocolError: ('Connection aborted.', RemoteDisconnected('Remote end closed connection without response'))

During handling of the above exception, another exception occurred:

Traceback (most recent call last):
  File "/usr/local/lib/python3.10/dist-packages/google/auth/transport/requests.py", line 188, in __call__
    response = self.session.request(
  File "/usr/local/lib/python3.10/dist-packages/requests/sessions.py", line 589, in request
    resp = self.send(prep, **send_kwargs)
  File "/usr/local/lib/python3.10/dist-packages/requests/sessions.py", line 703, in send
    r = adapter.send(request, **kwargs)
  File "/usr/local/lib/python3.10/dist-packages/requests/adapters.py", line 659, in send
    raise ConnectionError(err, request=request)
requests.exceptions.ConnectionError: ('Connection aborted.', RemoteDisconnected('Remote end closed connection without response'))

The above exception was the direct cause of the following exception:

Traceback (most recent call last):
  File "/opt/nawgames/scripts/notify_lizardlens.py", line 138, in <module>
    main()
  File "/opt/nawgames/scripts/notify_lizardlens.py", line 119, in main
    token = get_firestore_token()
  File "/opt/nawgames/scripts/notify_lizardlens.py", line 34, in get_firestore_token
    creds.refresh(google.auth.transport.requests.Request())
  File "/usr/local/lib/python3.10/dist-packages/google/auth/credentials.py", line 367, in refresh
    self._perform_refresh_token(request)
  File "/usr/local/lib/python3.10/dist-packages/google/oauth2/service_account.py", line 457, in _perform_refresh_token
    access_token, expiry, _ = _client.jwt_grant(
  File "/usr/local/lib/python3.10/dist-packages/google/oauth2/_client.py", line 303, in jwt_grant
    response_data = _token_endpoint_request(
  File "/usr/local/lib/python3.10/dist-packages/google/oauth2/_client.py", line 263, in _token_endpoint_request
    ) = _token_endpoint_request_no_throw(
  File "/usr/local/lib/python3.10/dist-packages/google/oauth2/_client.py", line 192, in _token_endpoint_request_no_throw
    response = request(
  File "/usr/local/lib/python3.10/dist-packages/google/auth/transport/requests.py", line 195, in __call__
    raise new_exc from caught_exc
google.auth.exceptions.TransportError: ('Connection aborted.', RemoteDisconnected('Remote end closed connection without response'))
Traceback (most recent call last):
  File "/usr/local/lib/python3.10/dist-packages/urllib3/connectionpool.py", line 787, in urlopen
    response = self._make_request(
  File "/usr/local/lib/python3.10/dist-packages/urllib3/connectionpool.py", line 534, in _make_request
    response = conn.getresponse()
  File "/usr/local/lib/python3.10/dist-packages/urllib3/connection.py", line 571, in getresponse
    httplib_response = super().getresponse()
  File "/usr/lib/python3.10/http/client.py", line 1395, in getresponse
    response.begin()
  File "/usr/lib/python3.10/http/client.py", line 323, in begin
    version, status, reason = self._read_status()
  File "/usr/lib/python3.10/http/client.py", line 292, in _read_status
    raise RemoteDisconnected("Remote end closed connection without"
http.client.RemoteDisconnected: Remote end closed connection without response

During handling of the above exception, another exception occurred:

Traceback (most recent call last):
  File "/usr/local/lib/python3.10/dist-packages/requests/adapters.py", line 644, in send
    resp = conn.urlopen(
  File "/usr/local/lib/python3.10/dist-packages/urllib3/connectionpool.py", line 841, in urlopen
    retries = retries.increment(
  File "/usr/local/lib/python3.10/dist-packages/urllib3/util/retry.py", line 490, in increment
    raise reraise(type(error), error, _stacktrace)
  File "/usr/local/lib/python3.10/dist-packages/urllib3/util/util.py", line 38, in reraise
    raise value.with_traceback(tb)
  File "/usr/local/lib/python3.10/dist-packages/urllib3/connectionpool.py", line 787, in urlopen
    response = self._make_request(
  File "/usr/local/lib/python3.10/dist-packages/urllib3/connectionpool.py", line 534, in _make_request
    response = conn.getresponse()
  File "/usr/local/lib/python3.10/dist-packages/urllib3/connection.py", line 571, in getresponse
    httplib_response = super().getresponse()
  File "/usr/lib/python3.10/http/client.py", line 1395, in getresponse
    response.begin()
  File "/usr/lib/python3.10/http/client.py", line 323, in begin
    version, status, reason = self._read_status()
  File "/usr/lib/python3.10/http/client.py", line 292, in _read_status
    raise RemoteDisconnected("Remote end closed connection without"
urllib3.exceptions.ProtocolError: ('Connection aborted.', RemoteDisconnected('Remote end closed connection without response'))

During handling of the above exception, another exception occurred:

Traceback (most recent call last):
  File "/usr/local/lib/python3.10/dist-packages/google/auth/transport/requests.py", line 188, in __call__
    response = self.session.request(
  File "/usr/local/lib/python3.10/dist-packages/requests/sessions.py", line 589, in request
    resp = self.send(prep, **send_kwargs)
  File "/usr/local/lib/python3.10/dist-packages/requests/sessions.py", line 703, in send
    r = adapter.send(request, **kwargs)
  File "/usr/local/lib/python3.10/dist-packages/requests/adapters.py", line 659, in send
    raise ConnectionError(err, request=request)
requests.exceptions.ConnectionError: ('Connection aborted.', RemoteDisconnected('Remote end closed connection without response'))

The above exception was the direct cause of the following exception:

Traceback (most recent call last):
  File "/opt/nawgames/scripts/notify_lizardlens.py", line 138, in <module>
    main()
  File "/opt/nawgames/scripts/notify_lizardlens.py", line 119, in main
    token = get_firestore_token()
  File "/opt/nawgames/scripts/notify_lizardlens.py", line 34, in get_firestore_token
    creds.refresh(google.auth.transport.requests.Request())
  File "/usr/local/lib/python3.10/dist-packages/google/auth/credentials.py", line 367, in refresh
    self._perform_refresh_token(request)
  File "/usr/local/lib/python3.10/dist-packages/google/oauth2/service_account.py", line 457, in _perform_refresh_token
    access_token, expiry, _ = _client.jwt_grant(
  File "/usr/local/lib/python3.10/dist-packages/google/oauth2/_client.py", line 303, in jwt_grant
    response_data = _token_endpoint_request(
  File "/usr/local/lib/python3.10/dist-packages/google/oauth2/_client.py", line 263, in _token_endpoint_request
    ) = _token_endpoint_request_no_throw(
  File "/usr/local/lib/python3.10/dist-packages/google/oauth2/_client.py", line 192, in _token_endpoint_request_no_throw
    response = request(
  File "/usr/local/lib/python3.10/dist-packages/google/auth/transport/requests.py", line 195, in __call__
    raise new_exc from caught_exc
google.auth.exceptions.TransportError: ('Connection aborted.', RemoteDisconnected('Remote end closed connection without response'))
Traceback (most recent call last):
  File "/usr/local/lib/python3.10/dist-packages/urllib3/connectionpool.py", line 787, in urlopen
    response = self._make_request(
  File "/usr/local/lib/python3.10/dist-packages/urllib3/connectionpool.py", line 534, in _make_request
    response = conn.getresponse()
  File "/usr/local/lib/python3.10/dist-packages/urllib3/connection.py", line 571, in getresponse
    httplib_response = super().getresponse()
  File "/usr/lib/python3.10/http/client.py", line 1395, in getresponse
    response.begin()
  File "/usr/lib/python3.10/http/client.py", line 323, in begin
    version, status, reason = self._read_status()
  File "/usr/lib/python3.10/http/client.py", line 292, in _read_status
    raise RemoteDisconnected("Remote end closed connection without"
http.client.RemoteDisconnected: Remote end closed connection without response

During handling of the above exception, another exception occurred:

Traceback (most recent call last):
  File "/usr/local/lib/python3.10/dist-packages/requests/adapters.py", line 644, in send
    resp = conn.urlopen(
  File "/usr/local/lib/python3.10/dist-packages/urllib3/connectionpool.py", line 841, in urlopen
    retries = retries.increment(
  File "/usr/local/lib/python3.10/dist-packages/urllib3/util/retry.py", line 490, in increment
    raise reraise(type(error), error, _stacktrace)
  File "/usr/local/lib/python3.10/dist-packages/urllib3/util/util.py", line 38, in reraise
    raise value.with_traceback(tb)
  File "/usr/local/lib/python3.10/dist-packages/urllib3/connectionpool.py", line 787, in urlopen
    response = self._make_request(
  File "/usr/local/lib/python3.10/dist-packages/urllib3/connectionpool.py", line 534, in _make_request
    response = conn.getresponse()
  File "/usr/local/lib/python3.10/dist-packages/urllib3/connection.py", line 571, in getresponse
    httplib_response = super().getresponse()
  File "/usr/lib/python3.10/http/client.py", line 1395, in getresponse
    response.begin()
  File "/usr/lib/python3.10/http/client.py", line 323, in begin
    version, status, reason = self._read_status()
  File "/usr/lib/python3.10/http/client.py", line 292, in _read_status
    raise RemoteDisconnected("Remote end closed connection without"
urllib3.exceptions.ProtocolError: ('Connection aborted.', RemoteDisconnected('Remote end closed connection without response'))

During handling of the above exception, another exception occurred:

Traceback (most recent call last):
  File "/usr/local/lib/python3.10/dist-packages/google/auth/transport/requests.py", line 188, in __call__
    response = self.session.request(
  File "/usr/local/lib/python3.10/dist-packages/requests/sessions.py", line 589, in request
    resp = self.send(prep, **send_kwargs)
  File "/usr/local/lib/python3.10/dist-packages/requests/sessions.py", line 703, in send
    r = adapter.send(request, **kwargs)
  File "/usr/local/lib/python3.10/dist-packages/requests/adapters.py", line 659, in send
    raise ConnectionError(err, request=request)
requests.exceptions.ConnectionError: ('Connection aborted.', RemoteDisconnected('Remote end closed connection without response'))

The above exception was the direct cause of the following exception:

Traceback (most recent call last):
  File "/opt/nawgames/scripts/notify_lizardlens.py", line 138, in <module>
    main()
  File "/opt/nawgames/scripts/notify_lizardlens.py", line 119, in main
    token = get_firestore_token()
  File "/opt/nawgames/scripts/notify_lizardlens.py", line 34, in get_firestore_token
    creds.refresh(google.auth.transport.requests.Request())
  File "/usr/local/lib/python3.10/dist-packages/google/auth/credentials.py", line 367, in refresh
    self._perform_refresh_token(request)
  File "/usr/local/lib/python3.10/dist-packages/google/oauth2/service_account.py", line 457, in _perform_refresh_token
    access_token, expiry, _ = _client.jwt_grant(
  File "/usr/local/lib/python3.10/dist-packages/google/oauth2/_client.py", line 303, in jwt_grant
    response_data = _token_endpoint_request(
  File "/usr/local/lib/python3.10/dist-packages/google/oauth2/_client.py", line 263, in _token_endpoint_request
    ) = _token_endpoint_request_no_throw(
  File "/usr/local/lib/python3.10/dist-packages/google/oauth2/_client.py", line 192, in _token_endpoint_request_no_throw
    response = request(
  File "/usr/local/lib/python3.10/dist-packages/google/auth/transport/requests.py", line 195, in __call__
    raise new_exc from caught_exc
google.auth.exceptions.TransportError: ('Connection aborted.', RemoteDisconnected('Remote end closed connection without response'))
Traceback (most recent call last):
  File "/usr/local/lib/python3.10/dist-packages/urllib3/connectionpool.py", line 787, in urlopen
    response = self._make_request(
  File "/usr/local/lib/python3.10/dist-packages/urllib3/connectionpool.py", line 534, in _make_request
    response = conn.getresponse()
  File "/usr/local/lib/python3.10/dist-packages/urllib3/connection.py", line 571, in getresponse
    httplib_response = super().getresponse()
  File "/usr/lib/python3.10/http/client.py", line 1395, in getresponse
    response.begin()
  File "/usr/lib/python3.10/http/client.py", line 323, in begin
    version, status, reason = self._read_status()
  File "/usr/lib/python3.10/http/client.py", line 292, in _read_status
    raise RemoteDisconnected("Remote end closed connection without"
http.client.RemoteDisconnected: Remote end closed connection without response

During handling of the above exception, another exception occurred:

Traceback (most recent call last):
  File "/usr/local/lib/python3.10/dist-packages/requests/adapters.py", line 644, in send
    resp = conn.urlopen(
  File "/usr/local/lib/python3.10/dist-packages/urllib3/connectionpool.py", line 841, in urlopen
    retries = retries.increment(
  File "/usr/local/lib/python3.10/dist-packages/urllib3/util/retry.py", line 490, in increment
    raise reraise(type(error), error, _stacktrace)
  File "/usr/local/lib/python3.10/dist-packages/urllib3/util/util.py", line 38, in reraise
    raise value.with_traceback(tb)
  File "/usr/local/lib/python3.10/dist-packages/urllib3/connectionpool.py", line 787, in urlopen
    response = self._make_request(
  File "/usr/local/lib/python3.10/dist-packages/urllib3/connectionpool.py", line 534, in _make_request
    response = conn.getresponse()
  File "/usr/local/lib/python3.10/dist-packages/urllib3/connection.py", line 571, in getresponse
    httplib_response = super().getresponse()
  File "/usr/lib/python3.10/http/client.py", line 1395, in getresponse
    response.begin()
  File "/usr/lib/python3.10/http/client.py", line 323, in begin
    version, status, reason = self._read_status()
  File "/usr/lib/python3.10/http/client.py", line 292, in _read_status
    raise RemoteDisconnected("Remote end closed connection without"
urllib3.exceptions.ProtocolError: ('Connection aborted.', RemoteDisconnected('Remote end closed connection without response'))

During handling of the above exception, another exception occurred:

Traceback (most recent call last):
  File "/usr/local/lib/python3.10/dist-packages/google/auth/transport/requests.py", line 188, in __call__
    response = self.session.request(
  File "/usr/local/lib/python3.10/dist-packages/requests/sessions.py", line 589, in request
    resp = self.send(prep, **send_kwargs)
  File "/usr/local/lib/python3.10/dist-packages/requests/sessions.py", line 703, in send
    r = adapter.send(request, **kwargs)
  File "/usr/local/lib/python3.10/dist-packages/requests/adapters.py", line 659, in send
    raise ConnectionError(err, request=request)
requests.exceptions.ConnectionError: ('Connection aborted.', RemoteDisconnected('Remote end closed connection without response'))

The above exception was the direct cause of the following exception:

Traceback (most recent call last):
  File "/opt/nawgames/scripts/notify_lizardlens.py", line 138, in <module>
    main()
  File "/opt/nawgames/scripts/notify_lizardlens.py", line 119, in main
    token = get_firestore_token()
  File "/opt/nawgames/scripts/notify_lizardlens.py", line 34, in get_firestore_token
    creds.refresh(google.auth.transport.requests.Request())
  File "/usr/local/lib/python3.10/dist-packages/google/auth/credentials.py", line 367, in refresh
    self._perform_refresh_token(request)
  File "/usr/local/lib/python3.10/dist-packages/google/oauth2/service_account.py", line 457, in _perform_refresh_token
    access_token, expiry, _ = _client.jwt_grant(
  File "/usr/local/lib/python3.10/dist-packages/google/oauth2/_client.py", line 303, in jwt_grant
    response_data = _token_endpoint_request(
  File "/usr/local/lib/python3.10/dist-packages/google/oauth2/_client.py", line 263, in _token_endpoint_request
    ) = _token_endpoint_request_no_throw(
  File "/usr/local/lib/python3.10/dist-packages/google/oauth2/_client.py", line 192, in _token_endpoint_request_no_throw
    response = request(
  File "/usr/local/lib/python3.10/dist-packages/google/auth/transport/requests.py", line 195, in __call__
    raise new_exc from caught_exc
google.auth.exceptions.TransportError: ('Connection aborted.', RemoteDisconnected('Remote end closed connection without response'))
Error fetching docs: Remote end closed connection without response
Error fetching docs: Remote end closed connection without response
Traceback (most recent call last):
  File "/usr/local/lib/python3.10/dist-packages/urllib3/connectionpool.py", line 787, in urlopen
    response = self._make_request(
  File "/usr/local/lib/python3.10/dist-packages/urllib3/connectionpool.py", line 534, in _make_request
    response = conn.getresponse()
  File "/usr/local/lib/python3.10/dist-packages/urllib3/connection.py", line 571, in getresponse
    httplib_response = super().getresponse()
  File "/usr/lib/python3.10/http/client.py", line 1395, in getresponse
    response.begin()
  File "/usr/lib/python3.10/http/client.py", line 323, in begin
    version, status, reason = self._read_status()
  File "/usr/lib/python3.10/http/client.py", line 292, in _read_status
    raise RemoteDisconnected("Remote end closed connection without"
http.client.RemoteDisconnected: Remote end closed connection without response

During handling of the above exception, another exception occurred:

Traceback (most recent call last):
  File "/usr/local/lib/python3.10/dist-packages/requests/adapters.py", line 644, in send
    resp = conn.urlopen(
  File "/usr/local/lib/python3.10/dist-packages/urllib3/connectionpool.py", line 841, in urlopen
    retries = retries.increment(
  File "/usr/local/lib/python3.10/dist-packages/urllib3/util/retry.py", line 490, in increment
    raise reraise(type(error), error, _stacktrace)
  File "/usr/local/lib/python3.10/dist-packages/urllib3/util/util.py", line 38, in reraise
    raise value.with_traceback(tb)
  File "/usr/local/lib/python3.10/dist-packages/urllib3/connectionpool.py", line 787, in urlopen
    response = self._make_request(
  File "/usr/local/lib/python3.10/dist-packages/urllib3/connectionpool.py", line 534, in _make_request
    response = conn.getresponse()
  File "/usr/local/lib/python3.10/dist-packages/urllib3/connection.py", line 571, in getresponse
    httplib_response = super().getresponse()
  File "/usr/lib/python3.10/http/client.py", line 1395, in getresponse
    response.begin()
  File "/usr/lib/python3.10/http/client.py", line 323, in begin
    version, status, reason = self._read_status()
  File "/usr/lib/python3.10/http/client.py", line 292, in _read_status
    raise RemoteDisconnected("Remote end closed connection without"
urllib3.exceptions.ProtocolError: ('Connection aborted.', RemoteDisconnected('Remote end closed connection without response'))

During handling of the above exception, another exception occurred:

Traceback (most recent call last):
  File "/usr/local/lib/python3.10/dist-packages/google/auth/transport/requests.py", line 188, in __call__
    response = self.session.request(
  File "/usr/local/lib/python3.10/dist-packages/requests/sessions.py", line 589, in request
    resp = self.send(prep, **send_kwargs)
  File "/usr/local/lib/python3.10/dist-packages/requests/sessions.py", line 703, in send
    r = adapter.send(request, **kwargs)
  File "/usr/local/lib/python3.10/dist-packages/requests/adapters.py", line 659, in send
    raise ConnectionError(err, request=request)
requests.exceptions.ConnectionError: ('Connection aborted.', RemoteDisconnected('Remote end closed connection without response'))

The above exception was the direct cause of the following exception:

Traceback (most recent call last):
  File "/opt/nawgames/scripts/notify_lizardlens.py", line 138, in <module>
    main()
  File "/opt/nawgames/scripts/notify_lizardlens.py", line 119, in main
    token = get_firestore_token()
  File "/opt/nawgames/scripts/notify_lizardlens.py", line 34, in get_firestore_token
    creds.refresh(google.auth.transport.requests.Request())
  File "/usr/local/lib/python3.10/dist-packages/google/auth/credentials.py", line 367, in refresh
    self._perform_refresh_token(request)
  File "/usr/local/lib/python3.10/dist-packages/google/oauth2/service_account.py", line 457, in _perform_refresh_token
    access_token, expiry, _ = _client.jwt_grant(
  File "/usr/local/lib/python3.10/dist-packages/google/oauth2/_client.py", line 303, in jwt_grant
    response_data = _token_endpoint_request(
  File "/usr/local/lib/python3.10/dist-packages/google/oauth2/_client.py", line 263, in _token_endpoint_request
    ) = _token_endpoint_request_no_throw(
  File "/usr/local/lib/python3.10/dist-packages/google/oauth2/_client.py", line 192, in _token_endpoint_request_no_throw
    response = request(
  File "/usr/local/lib/python3.10/dist-packages/google/auth/transport/requests.py", line 195, in __call__
    raise new_exc from caught_exc
google.auth.exceptions.TransportError: ('Connection aborted.', RemoteDisconnected('Remote end closed connection without response'))
Error fetching docs: Remote end closed connection without response
Error fetching docs: Remote end closed connection without response
Traceback (most recent call last):
  File "/usr/local/lib/python3.10/dist-packages/urllib3/connectionpool.py", line 787, in urlopen
    response = self._make_request(
  File "/usr/local/lib/python3.10/dist-packages/urllib3/connectionpool.py", line 534, in _make_request
    response = conn.getresponse()
  File "/usr/local/lib/python3.10/dist-packages/urllib3/connection.py", line 571, in getresponse
    httplib_response = super().getresponse()
  File "/usr/lib/python3.10/http/client.py", line 1395, in getresponse
    response.begin()
  File "/usr/lib/python3.10/http/client.py", line 323, in begin
    version, status, reason = self._read_status()
  File "/usr/lib/python3.10/http/client.py", line 292, in _read_status
    raise RemoteDisconnected("Remote end closed connection without"
http.client.RemoteDisconnected: Remote end closed connection without response

During handling of the above exception, another exception occurred:

Traceback (most recent call last):
  File "/usr/local/lib/python3.10/dist-packages/requests/adapters.py", line 644, in send
    resp = conn.urlopen(
  File "/usr/local/lib/python3.10/dist-packages/urllib3/connectionpool.py", line 841, in urlopen
    retries = retries.increment(
  File "/usr/local/lib/python3.10/dist-packages/urllib3/util/retry.py", line 490, in increment
    raise reraise(type(error), error, _stacktrace)
  File "/usr/local/lib/python3.10/dist-packages/urllib3/util/util.py", line 38, in reraise
    raise value.with_traceback(tb)
  File "/usr/local/lib/python3.10/dist-packages/urllib3/connectionpool.py", line 787, in urlopen
    response = self._make_request(
  File "/usr/local/lib/python3.10/dist-packages/urllib3/connectionpool.py", line 534, in _make_request
    response = conn.getresponse()
  File "/usr/local/lib/python3.10/dist-packages/urllib3/connection.py", line 571, in getresponse
    httplib_response = super().getresponse()
  File "/usr/lib/python3.10/http/client.py", line 1395, in getresponse
    response.begin()
  File "/usr/lib/python3.10/http/client.py", line 323, in begin
    version, status, reason = self._read_status()
  File "/usr/lib/python3.10/http/client.py", line 292, in _read_status
    raise RemoteDisconnected("Remote end closed connection without"
urllib3.exceptions.ProtocolError: ('Connection aborted.', RemoteDisconnected('Remote end closed connection without response'))

During handling of the above exception, another exception occurred:

Traceback (most recent call last):
  File "/usr/local/lib/python3.10/dist-packages/google/auth/transport/requests.py", line 188, in __call__
    response = self.session.request(
  File "/usr/local/lib/python3.10/dist-packages/requests/sessions.py", line 589, in request
    resp = self.send(prep, **send_kwargs)
  File "/usr/local/lib/python3.10/dist-packages/requests/sessions.py", line 703, in send
    r = adapter.send(request, **kwargs)
  File "/usr/local/lib/python3.10/dist-packages/requests/adapters.py", line 659, in send
    raise ConnectionError(err, request=request)
requests.exceptions.ConnectionError: ('Connection aborted.', RemoteDisconnected('Remote end closed connection without response'))

The above exception was the direct cause of the following exception:

Traceback (most recent call last):
  File "/opt/nawgames/scripts/notify_lizardlens.py", line 138, in <module>
    main()
  File "/opt/nawgames/scripts/notify_lizardlens.py", line 119, in main
    token = get_firestore_token()
  File "/opt/nawgames/scripts/notify_lizardlens.py", line 34, in get_firestore_token
    creds.refresh(google.auth.transport.requests.Request())
  File "/usr/local/lib/python3.10/dist-packages/google/auth/credentials.py", line 367, in refresh
    self._perform_refresh_token(request)
  File "/usr/local/lib/python3.10/dist-packages/google/oauth2/service_account.py", line 457, in _perform_refresh_token
    access_token, expiry, _ = _client.jwt_grant(
  File "/usr/local/lib/python3.10/dist-packages/google/oauth2/_client.py", line 303, in jwt_grant
    response_data = _token_endpoint_request(
  File "/usr/local/lib/python3.10/dist-packages/google/oauth2/_client.py", line 263, in _token_endpoint_request
    ) = _token_endpoint_request_no_throw(
  File "/usr/local/lib/python3.10/dist-packages/google/oauth2/_client.py", line 192, in _token_endpoint_request_no_throw
    response = request(
  File "/usr/local/lib/python3.10/dist-packages/google/auth/transport/requests.py", line 195, in __call__
    raise new_exc from caught_exc
google.auth.exceptions.TransportError: ('Connection aborted.', RemoteDisconnected('Remote end closed connection without response'))
Traceback (most recent call last):
  File "/usr/local/lib/python3.10/dist-packages/urllib3/connectionpool.py", line 787, in urlopen
    response = self._make_request(
  File "/usr/local/lib/python3.10/dist-packages/urllib3/connectionpool.py", line 534, in _make_request
    response = conn.getresponse()
  File "/usr/local/lib/python3.10/dist-packages/urllib3/connection.py", line 571, in getresponse
    httplib_response = super().getresponse()
  File "/usr/lib/python3.10/http/client.py", line 1395, in getresponse
    response.begin()
  File "/usr/lib/python3.10/http/client.py", line 323, in begin
    version, status, reason = self._read_status()
  File "/usr/lib/python3.10/http/client.py", line 292, in _read_status
    raise RemoteDisconnected("Remote end closed connection without"
http.client.RemoteDisconnected: Remote end closed connection without response

During handling of the above exception, another exception occurred:

Traceback (most recent call last):
  File "/usr/local/lib/python3.10/dist-packages/requests/adapters.py", line 644, in send
    resp = conn.urlopen(
  File "/usr/local/lib/python3.10/dist-packages/urllib3/connectionpool.py", line 841, in urlopen
    retries = retries.increment(
  File "/usr/local/lib/python3.10/dist-packages/urllib3/util/retry.py", line 490, in increment
    raise reraise(type(error), error, _stacktrace)
  File "/usr/local/lib/python3.10/dist-packages/urllib3/util/util.py", line 38, in reraise
    raise value.with_traceback(tb)
  File "/usr/local/lib/python3.10/dist-packages/urllib3/connectionpool.py", line 787, in urlopen
    response = self._make_request(
  File "/usr/local/lib/python3.10/dist-packages/urllib3/connectionpool.py", line 534, in _make_request
    response = conn.getresponse()
  File "/usr/local/lib/python3.10/dist-packages/urllib3/connection.py", line 571, in getresponse
    httplib_response = super().getresponse()
  File "/usr/lib/python3.10/http/client.py", line 1395, in getresponse
    response.begin()
  File "/usr/lib/python3.10/http/client.py", line 323, in begin
    version, status, reason = self._read_status()
  File "/usr/lib/python3.10/http/client.py", line 292, in _read_status
    raise RemoteDisconnected("Remote end closed connection without"
urllib3.exceptions.ProtocolError: ('Connection aborted.', RemoteDisconnected('Remote end closed connection without response'))

During handling of the above exception, another exception occurred:

Traceback (most recent call last):
  File "/usr/local/lib/python3.10/dist-packages/google/auth/transport/requests.py", line 188, in __call__
    response = self.session.request(
  File "/usr/local/lib/python3.10/dist-packages/requests/sessions.py", line 589, in request
    resp = self.send(prep, **send_kwargs)
  File "/usr/local/lib/python3.10/dist-packages/requests/sessions.py", line 703, in send
    r = adapter.send(request, **kwargs)
  File "/usr/local/lib/python3.10/dist-packages/requests/adapters.py", line 659, in send
    raise ConnectionError(err, request=request)
requests.exceptions.ConnectionError: ('Connection aborted.', RemoteDisconnected('Remote end closed connection without response'))

The above exception was the direct cause of the following exception:

Traceback (most recent call last):
  File "/opt/nawgames/scripts/notify_lizardlens.py", line 138, in <module>
    main()
  File "/opt/nawgames/scripts/notify_lizardlens.py", line 119, in main
    token = get_firestore_token()
  File "/opt/nawgames/scripts/notify_lizardlens.py", line 34, in get_firestore_token
    creds.refresh(google.auth.transport.requests.Request())
  File "/usr/local/lib/python3.10/dist-packages/google/auth/credentials.py", line 367, in refresh
    self._perform_refresh_token(request)
  File "/usr/local/lib/python3.10/dist-packages/google/oauth2/service_account.py", line 457, in _perform_refresh_token
    access_token, expiry, _ = _client.jwt_grant(
  File "/usr/local/lib/python3.10/dist-packages/google/oauth2/_client.py", line 303, in jwt_grant
    response_data = _token_endpoint_request(
  File "/usr/local/lib/python3.10/dist-packages/google/oauth2/_client.py", line 263, in _token_endpoint_request
    ) = _token_endpoint_request_no_throw(
  File "/usr/local/lib/python3.10/dist-packages/google/oauth2/_client.py", line 192, in _token_endpoint_request_no_throw
    response = request(
  File "/usr/local/lib/python3.10/dist-packages/google/auth/transport/requests.py", line 195, in __call__
    raise new_exc from caught_exc
google.auth.exceptions.TransportError: ('Connection aborted.', RemoteDisconnected('Remote end closed connection without response'))
Traceback (most recent call last):
  File "/usr/local/lib/python3.10/dist-packages/urllib3/connectionpool.py", line 787, in urlopen
    response = self._make_request(
  File "/usr/local/lib/python3.10/dist-packages/urllib3/connectionpool.py", line 534, in _make_request
    response = conn.getresponse()
  File "/usr/local/lib/python3.10/dist-packages/urllib3/connection.py", line 571, in getresponse
    httplib_response = super().getresponse()
  File "/usr/lib/python3.10/http/client.py", line 1395, in getresponse
    response.begin()
  File "/usr/lib/python3.10/http/client.py", line 323, in begin
    version, status, reason = self._read_status()
  File "/usr/lib/python3.10/http/client.py", line 292, in _read_status
    raise RemoteDisconnected("Remote end closed connection without"
http.client.RemoteDisconnected: Remote end closed connection without response

During handling of the above exception, another exception occurred:

Traceback (most recent call last):
  File "/usr/local/lib/python3.10/dist-packages/requests/adapters.py", line 644, in send
    resp = conn.urlopen(
  File "/usr/local/lib/python3.10/dist-packages/urllib3/connectionpool.py", line 841, in urlopen
    retries = retries.increment(
  File "/usr/local/lib/python3.10/dist-packages/urllib3/util/retry.py", line 490, in increment
    raise reraise(type(error), error, _stacktrace)
  File "/usr/local/lib/python3.10/dist-packages/urllib3/util/util.py", line 38, in reraise
    raise value.with_traceback(tb)
  File "/usr/local/lib/python3.10/dist-packages/urllib3/connectionpool.py", line 787, in urlopen
    response = self._make_request(
  File "/usr/local/lib/python3.10/dist-packages/urllib3/connectionpool.py", line 534, in _make_request
    response = conn.getresponse()
  File "/usr/local/lib/python3.10/dist-packages/urllib3/connection.py", line 571, in getresponse
    httplib_response = super().getresponse()
  File "/usr/lib/python3.10/http/client.py", line 1395, in getresponse
    response.begin()
  File "/usr/lib/python3.10/http/client.py", line 323, in begin
    version, status, reason = self._read_status()
  File "/usr/lib/python3.10/http/client.py", line 292, in _read_status
    raise RemoteDisconnected("Remote end closed connection without"
urllib3.exceptions.ProtocolError: ('Connection aborted.', RemoteDisconnected('Remote end closed connection without response'))

During handling of the above exception, another exception occurred:

Traceback (most recent call last):
  File "/usr/local/lib/python3.10/dist-packages/google/auth/transport/requests.py", line 188, in __call__
    response = self.session.request(
  File "/usr/local/lib/python3.10/dist-packages/requests/sessions.py", line 589, in request
    resp = self.send(prep, **send_kwargs)
  File "/usr/local/lib/python3.10/dist-packages/requests/sessions.py", line 703, in send
    r = adapter.send(request, **kwargs)
  File "/usr/local/lib/python3.10/dist-packages/requests/adapters.py", line 659, in send
    raise ConnectionError(err, request=request)
requests.exceptions.ConnectionError: ('Connection aborted.', RemoteDisconnected('Remote end closed connection without response'))

The above exception was the direct cause of the following exception:

Traceback (most recent call last):
  File "/opt/nawgames/scripts/notify_lizardlens.py", line 138, in <module>
    main()
  File "/opt/nawgames/scripts/notify_lizardlens.py", line 119, in main
    token = get_firestore_token()
  File "/opt/nawgames/scripts/notify_lizardlens.py", line 34, in get_firestore_token
    creds.refresh(google.auth.transport.requests.Request())
  File "/usr/local/lib/python3.10/dist-packages/google/auth/credentials.py", line 367, in refresh
    self._perform_refresh_token(request)
  File "/usr/local/lib/python3.10/dist-packages/google/oauth2/service_account.py", line 457, in _perform_refresh_token
    access_token, expiry, _ = _client.jwt_grant(
  File "/usr/local/lib/python3.10/dist-packages/google/oauth2/_client.py", line 303, in jwt_grant
    response_data = _token_endpoint_request(
  File "/usr/local/lib/python3.10/dist-packages/google/oauth2/_client.py", line 263, in _token_endpoint_request
    ) = _token_endpoint_request_no_throw(
  File "/usr/local/lib/python3.10/dist-packages/google/oauth2/_client.py", line 192, in _token_endpoint_request_no_throw
    response = request(
  File "/usr/local/lib/python3.10/dist-packages/google/auth/transport/requests.py", line 195, in __call__
    raise new_exc from caught_exc
google.auth.exceptions.TransportError: ('Connection aborted.', RemoteDisconnected('Remote end closed connection without response'))
Traceback (most recent call last):
  File "/usr/local/lib/python3.10/dist-packages/urllib3/connectionpool.py", line 787, in urlopen
    response = self._make_request(
  File "/usr/local/lib/python3.10/dist-packages/urllib3/connectionpool.py", line 534, in _make_request
    response = conn.getresponse()
  File "/usr/local/lib/python3.10/dist-packages/urllib3/connection.py", line 571, in getresponse
    httplib_response = super().getresponse()
  File "/usr/lib/python3.10/http/client.py", line 1395, in getresponse
    response.begin()
  File "/usr/lib/python3.10/http/client.py", line 323, in begin
    version, status, reason = self._read_status()
  File "/usr/lib/python3.10/http/client.py", line 292, in _read_status
    raise RemoteDisconnected("Remote end closed connection without"
http.client.RemoteDisconnected: Remote end closed connection without response

During handling of the above exception, another exception occurred:

Traceback (most recent call last):
  File "/usr/local/lib/python3.10/dist-packages/requests/adapters.py", line 644, in send
    resp = conn.urlopen(
  File "/usr/local/lib/python3.10/dist-packages/urllib3/connectionpool.py", line 841, in urlopen
    retries = retries.increment(
  File "/usr/local/lib/python3.10/dist-packages/urllib3/util/retry.py", line 490, in increment
    raise reraise(type(error), error, _stacktrace)
  File "/usr/local/lib/python3.10/dist-packages/urllib3/util/util.py", line 38, in reraise
    raise value.with_traceback(tb)
  File "/usr/local/lib/python3.10/dist-packages/urllib3/connectionpool.py", line 787, in urlopen
    response = self._make_request(
  File "/usr/local/lib/python3.10/dist-packages/urllib3/connectionpool.py", line 534, in _make_request
    response = conn.getresponse()
  File "/usr/local/lib/python3.10/dist-packages/urllib3/connection.py", line 571, in getresponse
    httplib_response = super().getresponse()
  File "/usr/lib/python3.10/http/client.py", line 1395, in getresponse
    response.begin()
  File "/usr/lib/python3.10/http/client.py", line 323, in begin
    version, status, reason = self._read_status()
  File "/usr/lib/python3.10/http/client.py", line 292, in _read_status
    raise RemoteDisconnected("Remote end closed connection without"
urllib3.exceptions.ProtocolError: ('Connection aborted.', RemoteDisconnected('Remote end closed connection without response'))

During handling of the above exception, another exception occurred:

Traceback (most recent call last):
  File "/usr/local/lib/python3.10/dist-packages/google/auth/transport/requests.py", line 188, in __call__
    response = self.session.request(
  File "/usr/local/lib/python3.10/dist-packages/requests/sessions.py", line 589, in request
    resp = self.send(prep, **send_kwargs)
  File "/usr/local/lib/python3.10/dist-packages/requests/sessions.py", line 703, in send
    r = adapter.send(request, **kwargs)
  File "/usr/local/lib/python3.10/dist-packages/requests/adapters.py", line 659, in send
    raise ConnectionError(err, request=request)
requests.exceptions.ConnectionError: ('Connection aborted.', RemoteDisconnected('Remote end closed connection without response'))

The above exception was the direct cause of the following exception:

Traceback (most recent call last):
  File "/opt/nawgames/scripts/notify_lizardlens.py", line 138, in <module>
    main()
  File "/opt/nawgames/scripts/notify_lizardlens.py", line 119, in main
    token = get_firestore_token()
  File "/opt/nawgames/scripts/notify_lizardlens.py", line 34, in get_firestore_token
    creds.refresh(google.auth.transport.requests.Request())
  File "/usr/local/lib/python3.10/dist-packages/google/auth/credentials.py", line 367, in refresh
    self._perform_refresh_token(request)
  File "/usr/local/lib/python3.10/dist-packages/google/oauth2/service_account.py", line 457, in _perform_refresh_token
    access_token, expiry, _ = _client.jwt_grant(
  File "/usr/local/lib/python3.10/dist-packages/google/oauth2/_client.py", line 303, in jwt_grant
    response_data = _token_endpoint_request(
  File "/usr/local/lib/python3.10/dist-packages/google/oauth2/_client.py", line 263, in _token_endpoint_request
    ) = _token_endpoint_request_no_throw(
  File "/usr/local/lib/python3.10/dist-packages/google/oauth2/_client.py", line 192, in _token_endpoint_request_no_throw
    response = request(
  File "/usr/local/lib/python3.10/dist-packages/google/auth/transport/requests.py", line 195, in __call__
    raise new_exc from caught_exc
google.auth.exceptions.TransportError: ('Connection aborted.', RemoteDisconnected('Remote end closed connection without response'))
Traceback (most recent call last):
  File "/usr/local/lib/python3.10/dist-packages/urllib3/connectionpool.py", line 787, in urlopen
    response = self._make_request(
  File "/usr/local/lib/python3.10/dist-packages/urllib3/connectionpool.py", line 534, in _make_request
    response = conn.getresponse()
  File "/usr/local/lib/python3.10/dist-packages/urllib3/connection.py", line 571, in getresponse
    httplib_response = super().getresponse()
  File "/usr/lib/python3.10/http/client.py", line 1395, in getresponse
    response.begin()
  File "/usr/lib/python3.10/http/client.py", line 323, in begin
    version, status, reason = self._read_status()
  File "/usr/lib/python3.10/http/client.py", line 292, in _read_status
    raise RemoteDisconnected("Remote end closed connection without"
http.client.RemoteDisconnected: Remote end closed connection without response

During handling of the above exception, another exception occurred:

Traceback (most recent call last):
  File "/usr/local/lib/python3.10/dist-packages/requests/adapters.py", line 644, in send
    resp = conn.urlopen(
  File "/usr/local/lib/python3.10/dist-packages/urllib3/connectionpool.py", line 841, in urlopen
    retries = retries.increment(
  File "/usr/local/lib/python3.10/dist-packages/urllib3/util/retry.py", line 490, in increment
    raise reraise(type(error), error, _stacktrace)
  File "/usr/local/lib/python3.10/dist-packages/urllib3/util/util.py", line 38, in reraise
    raise value.with_traceback(tb)
  File "/usr/local/lib/python3.10/dist-packages/urllib3/connectionpool.py", line 787, in urlopen
    response = self._make_request(
  File "/usr/local/lib/python3.10/dist-packages/urllib3/connectionpool.py", line 534, in _make_request
    response = conn.getresponse()
  File "/usr/local/lib/python3.10/dist-packages/urllib3/connection.py", line 571, in getresponse
    httplib_response = super().getresponse()
  File "/usr/lib/python3.10/http/client.py", line 1395, in getresponse
    response.begin()
  File "/usr/lib/python3.10/http/client.py", line 323, in begin
    version, status, reason = self._read_status()
  File "/usr/lib/python3.10/http/client.py", line 292, in _read_status
    raise RemoteDisconnected("Remote end closed connection without"
urllib3.exceptions.ProtocolError: ('Connection aborted.', RemoteDisconnected('Remote end closed connection without response'))

During handling of the above exception, another exception occurred:

Traceback (most recent call last):
  File "/usr/local/lib/python3.10/dist-packages/google/auth/transport/requests.py", line 188, in __call__
    response = self.session.request(
  File "/usr/local/lib/python3.10/dist-packages/requests/sessions.py", line 589, in request
    resp = self.send(prep, **send_kwargs)
  File "/usr/local/lib/python3.10/dist-packages/requests/sessions.py", line 703, in send
    r = adapter.send(request, **kwargs)
  File "/usr/local/lib/python3.10/dist-packages/requests/adapters.py", line 659, in send
    raise ConnectionError(err, request=request)
requests.exceptions.ConnectionError: ('Connection aborted.', RemoteDisconnected('Remote end closed connection without response'))

The above exception was the direct cause of the following exception:

Traceback (most recent call last):
  File "/opt/nawgames/scripts/notify_lizardlens.py", line 138, in <module>
    main()
  File "/opt/nawgames/scripts/notify_lizardlens.py", line 119, in main
    token = get_firestore_token()
  File "/opt/nawgames/scripts/notify_lizardlens.py", line 34, in get_firestore_token
    creds.refresh(google.auth.transport.requests.Request())
  File "/usr/local/lib/python3.10/dist-packages/google/auth/credentials.py", line 367, in refresh
    self._perform_refresh_token(request)
  File "/usr/local/lib/python3.10/dist-packages/google/oauth2/service_account.py", line 457, in _perform_refresh_token
    access_token, expiry, _ = _client.jwt_grant(
  File "/usr/local/lib/python3.10/dist-packages/google/oauth2/_client.py", line 303, in jwt_grant
    response_data = _token_endpoint_request(
  File "/usr/local/lib/python3.10/dist-packages/google/oauth2/_client.py", line 263, in _token_endpoint_request
    ) = _token_endpoint_request_no_throw(
  File "/usr/local/lib/python3.10/dist-packages/google/oauth2/_client.py", line 192, in _token_endpoint_request_no_throw
    response = request(
  File "/usr/local/lib/python3.10/dist-packages/google/auth/transport/requests.py", line 195, in __call__
    raise new_exc from caught_exc
google.auth.exceptions.TransportError: ('Connection aborted.', RemoteDisconnected('Remote end closed connection without response'))
Traceback (most recent call last):
  File "/usr/local/lib/python3.10/dist-packages/urllib3/connectionpool.py", line 464, in _make_request
    self._validate_conn(conn)
  File "/usr/local/lib/python3.10/dist-packages/urllib3/connectionpool.py", line 1093, in _validate_conn
    conn.connect()
  File "/usr/local/lib/python3.10/dist-packages/urllib3/connection.py", line 796, in connect
    sock_and_verified = _ssl_wrap_socket_and_match_hostname(
  File "/usr/local/lib/python3.10/dist-packages/urllib3/connection.py", line 975, in _ssl_wrap_socket_and_match_hostname
    ssl_sock = ssl_wrap_socket(
  File "/usr/local/lib/python3.10/dist-packages/urllib3/util/ssl_.py", line 483, in ssl_wrap_socket
    ssl_sock = _ssl_wrap_socket_impl(sock, context, tls_in_tls, server_hostname)
  File "/usr/local/lib/python3.10/dist-packages/urllib3/util/ssl_.py", line 527, in _ssl_wrap_socket_impl
    return ssl_context.wrap_socket(sock, server_hostname=server_hostname)
  File "/usr/lib/python3.10/ssl.py", line 513, in wrap_socket
    return self.sslsocket_class._create(
  File "/usr/lib/python3.10/ssl.py", line 1100, in _create
    self.do_handshake()
  File "/usr/lib/python3.10/ssl.py", line 1371, in do_handshake
    self._sslobj.do_handshake()
TimeoutError: _ssl.c:990: The handshake operation timed out

The above exception was the direct cause of the following exception:

Traceback (most recent call last):
  File "/usr/local/lib/python3.10/dist-packages/requests/adapters.py", line 644, in send
    resp = conn.urlopen(
  File "/usr/local/lib/python3.10/dist-packages/urllib3/connectionpool.py", line 841, in urlopen
    retries = retries.increment(
  File "/usr/local/lib/python3.10/dist-packages/urllib3/util/retry.py", line 490, in increment
    raise reraise(type(error), error, _stacktrace)
  File "/usr/local/lib/python3.10/dist-packages/urllib3/util/util.py", line 39, in reraise
    raise value
  File "/usr/local/lib/python3.10/dist-packages/urllib3/connectionpool.py", line 787, in urlopen
    response = self._make_request(
  File "/usr/local/lib/python3.10/dist-packages/urllib3/connectionpool.py", line 488, in _make_request
    raise new_e
  File "/usr/local/lib/python3.10/dist-packages/urllib3/connectionpool.py", line 466, in _make_request
    self._raise_timeout(err=e, url=url, timeout_value=conn.timeout)
  File "/usr/local/lib/python3.10/dist-packages/urllib3/connectionpool.py", line 367, in _raise_timeout
    raise ReadTimeoutError(
urllib3.exceptions.ReadTimeoutError: HTTPSConnectionPool(host='oauth2.googleapis.com', port=443): Read timed out. (read timeout=120)

During handling of the above exception, another exception occurred:

Traceback (most recent call last):
  File "/usr/local/lib/python3.10/dist-packages/google/auth/transport/requests.py", line 188, in __call__
    response = self.session.request(
  File "/usr/local/lib/python3.10/dist-packages/requests/sessions.py", line 589, in request
    resp = self.send(prep, **send_kwargs)
  File "/usr/local/lib/python3.10/dist-packages/requests/sessions.py", line 703, in send
    r = adapter.send(request, **kwargs)
  File "/usr/local/lib/python3.10/dist-packages/requests/adapters.py", line 690, in send
    raise ReadTimeout(e, request=request)
requests.exceptions.ReadTimeout: HTTPSConnectionPool(host='oauth2.googleapis.com', port=443): Read timed out. (read timeout=120)

The above exception was the direct cause of the following exception:

Traceback (most recent call last):
  File "/opt/nawgames/scripts/notify_lizardlens.py", line 138, in <module>
    main()
  File "/opt/nawgames/scripts/notify_lizardlens.py", line 119, in main
    token = get_firestore_token()
  File "/opt/nawgames/scripts/notify_lizardlens.py", line 34, in get_firestore_token
    creds.refresh(google.auth.transport.requests.Request())
  File "/usr/local/lib/python3.10/dist-packages/google/auth/credentials.py", line 367, in refresh
    self._perform_refresh_token(request)
  File "/usr/local/lib/python3.10/dist-packages/google/oauth2/service_account.py", line 457, in _perform_refresh_token
    access_token, expiry, _ = _client.jwt_grant(
  File "/usr/local/lib/python3.10/dist-packages/google/oauth2/_client.py", line 303, in jwt_grant
    response_data = _token_endpoint_request(
  File "/usr/local/lib/python3.10/dist-packages/google/oauth2/_client.py", line 263, in _token_endpoint_request
    ) = _token_endpoint_request_no_throw(
  File "/usr/local/lib/python3.10/dist-packages/google/oauth2/_client.py", line 192, in _token_endpoint_request_no_throw
    response = request(
  File "/usr/local/lib/python3.10/dist-packages/google/auth/transport/requests.py", line 195, in __call__
    raise new_exc from caught_exc
google.auth.exceptions.TransportError: HTTPSConnectionPool(host='oauth2.googleapis.com', port=443): Read timed out. (read timeout=120)
Found 1 new pending request(s)
  Notifying about: Gabriela Muñoz (gabrielamunoz1412@gmail.com)
  Email sent to ivan@barrioenergy.com — status 202
  Done: Gabriela Muñoz
Error fetching docs: HTTP Error 502: Bad Gateway
Error fetching docs: HTTP Error 502: Bad Gateway
Error fetching docs: HTTP Error 502: Bad Gateway
Error fetching docs: HTTP Error 502: Bad Gateway
Error fetching docs: HTTP Error 502: Bad Gateway
Traceback (most recent call last):
  File "/usr/local/lib/python3.10/dist-packages/urllib3/connectionpool.py", line 787, in urlopen
    response = self._make_request(
  File "/usr/local/lib/python3.10/dist-packages/urllib3/connectionpool.py", line 534, in _make_request
    response = conn.getresponse()
  File "/usr/local/lib/python3.10/dist-packages/urllib3/connection.py", line 571, in getresponse
    httplib_response = super().getresponse()
  File "/usr/lib/python3.10/http/client.py", line 1404, in getresponse
    response.begin()
  File "/usr/lib/python3.10/http/client.py", line 323, in begin
    version, status, reason = self._read_status()
  File "/usr/lib/python3.10/http/client.py", line 292, in _read_status
    raise RemoteDisconnected("Remote end closed connection without"
http.client.RemoteDisconnected: Remote end closed connection without response

During handling of the above exception, another exception occurred:

Traceback (most recent call last):
  File "/usr/local/lib/python3.10/dist-packages/requests/adapters.py", line 644, in send
    resp = conn.urlopen(
  File "/usr/local/lib/python3.10/dist-packages/urllib3/connectionpool.py", line 841, in urlopen
    retries = retries.increment(
  File "/usr/local/lib/python3.10/dist-packages/urllib3/util/retry.py", line 490, in increment
    raise reraise(type(error), error, _stacktrace)
  File "/usr/local/lib/python3.10/dist-packages/urllib3/util/util.py", line 38, in reraise
    raise value.with_traceback(tb)
  File "/usr/local/lib/python3.10/dist-packages/urllib3/connectionpool.py", line 787, in urlopen
    response = self._make_request(
  File "/usr/local/lib/python3.10/dist-packages/urllib3/connectionpool.py", line 534, in _make_request
    response = conn.getresponse()
  File "/usr/local/lib/python3.10/dist-packages/urllib3/connection.py", line 571, in getresponse
    httplib_response = super().getresponse()
  File "/usr/lib/python3.10/http/client.py", line 1404, in getresponse
    response.begin()
  File "/usr/lib/python3.10/http/client.py", line 323, in begin
    version, status, reason = self._read_status()
  File "/usr/lib/python3.10/http/client.py", line 292, in _read_status
    raise RemoteDisconnected("Remote end closed connection without"
urllib3.exceptions.ProtocolError: ('Connection aborted.', RemoteDisconnected('Remote end closed connection without response'))

During handling of the above exception, another exception occurred:

Traceback (most recent call last):
  File "/usr/local/lib/python3.10/dist-packages/google/auth/transport/requests.py", line 188, in __call__
    response = self.session.request(
  File "/usr/local/lib/python3.10/dist-packages/requests/sessions.py", line 589, in request
    resp = self.send(prep, **send_kwargs)
  File "/usr/local/lib/python3.10/dist-packages/requests/sessions.py", line 703, in send
    r = adapter.send(request, **kwargs)
  File "/usr/local/lib/python3.10/dist-packages/requests/adapters.py", line 659, in send
    raise ConnectionError(err, request=request)
requests.exceptions.ConnectionError: ('Connection aborted.', RemoteDisconnected('Remote end closed connection without response'))

The above exception was the direct cause of the following exception:

Traceback (most recent call last):
  File "/opt/nawgames/scripts/notify_lizardlens.py", line 138, in <module>
    main()
  File "/opt/nawgames/scripts/notify_lizardlens.py", line 119, in main
    token = get_firestore_token()
  File "/opt/nawgames/scripts/notify_lizardlens.py", line 34, in get_firestore_token
    creds.refresh(google.auth.transport.requests.Request())
  File "/usr/local/lib/python3.10/dist-packages/google/auth/credentials.py", line 367, in refresh
    self._perform_refresh_token(request)
  File "/usr/local/lib/python3.10/dist-packages/google/oauth2/service_account.py", line 457, in _perform_refresh_token
    access_token, expiry, _ = _client.jwt_grant(
  File "/usr/local/lib/python3.10/dist-packages/google/oauth2/_client.py", line 303, in jwt_grant
    response_data = _token_endpoint_request(
  File "/usr/local/lib/python3.10/dist-packages/google/oauth2/_client.py", line 263, in _token_endpoint_request
    ) = _token_endpoint_request_no_throw(
  File "/usr/local/lib/python3.10/dist-packages/google/oauth2/_client.py", line 192, in _token_endpoint_request_no_throw
    response = request(
  File "/usr/local/lib/python3.10/dist-packages/google/auth/transport/requests.py", line 195, in __call__
    raise new_exc from caught_exc
google.auth.exceptions.TransportError: ('Connection aborted.', RemoteDisconnected('Remote end closed connection without response'))
Traceback (most recent call last):
  File "/usr/local/lib/python3.10/dist-packages/urllib3/connectionpool.py", line 534, in _make_request
    response = conn.getresponse()
  File "/usr/local/lib/python3.10/dist-packages/urllib3/connection.py", line 571, in getresponse
    httplib_response = super().getresponse()
  File "/usr/lib/python3.10/http/client.py", line 1404, in getresponse
    response.begin()
  File "/usr/lib/python3.10/http/client.py", line 323, in begin
    version, status, reason = self._read_status()
  File "/usr/lib/python3.10/http/client.py", line 284, in _read_status
    line = str(self.fp.readline(_MAXLINE + 1), "iso-8859-1")
  File "/usr/lib/python3.10/socket.py", line 705, in readinto
    return self._sock.recv_into(b)
  File "/usr/lib/python3.10/ssl.py", line 1303, in recv_into
    return self.read(nbytes, buffer)
  File "/usr/lib/python3.10/ssl.py", line 1159, in read
    return self._sslobj.read(len, buffer)
TimeoutError: The read operation timed out

The above exception was the direct cause of the following exception:

Traceback (most recent call last):
  File "/usr/local/lib/python3.10/dist-packages/requests/adapters.py", line 644, in send
    resp = conn.urlopen(
  File "/usr/local/lib/python3.10/dist-packages/urllib3/connectionpool.py", line 841, in urlopen
    retries = retries.increment(
  File "/usr/local/lib/python3.10/dist-packages/urllib3/util/retry.py", line 490, in increment
    raise reraise(type(error), error, _stacktrace)
  File "/usr/local/lib/python3.10/dist-packages/urllib3/util/util.py", line 39, in reraise
    raise value
  File "/usr/local/lib/python3.10/dist-packages/urllib3/connectionpool.py", line 787, in urlopen
    response = self._make_request(
  File "/usr/local/lib/python3.10/dist-packages/urllib3/connectionpool.py", line 536, in _make_request
    self._raise_timeout(err=e, url=url, timeout_value=read_timeout)
  File "/usr/local/lib/python3.10/dist-packages/urllib3/connectionpool.py", line 367, in _raise_timeout
    raise ReadTimeoutError(
urllib3.exceptions.ReadTimeoutError: HTTPSConnectionPool(host='oauth2.googleapis.com', port=443): Read timed out. (read timeout=120)

During handling of the above exception, another exception occurred:

Traceback (most recent call last):
  File "/usr/local/lib/python3.10/dist-packages/google/auth/transport/requests.py", line 188, in __call__
    response = self.session.request(
  File "/usr/local/lib/python3.10/dist-packages/requests/sessions.py", line 589, in request
    resp = self.send(prep, **send_kwargs)
  File "/usr/local/lib/python3.10/dist-packages/requests/sessions.py", line 703, in send
    r = adapter.send(request, **kwargs)
  File "/usr/local/lib/python3.10/dist-packages/requests/adapters.py", line 690, in send
    raise ReadTimeout(e, request=request)
requests.exceptions.ReadTimeout: HTTPSConnectionPool(host='oauth2.googleapis.com', port=443): Read timed out. (read timeout=120)

The above exception was the direct cause of the following exception:

Traceback (most recent call last):
  File "/opt/nawgames/scripts/notify_lizardlens.py", line 138, in <module>
    main()
  File "/opt/nawgames/scripts/notify_lizardlens.py", line 119, in main
    token = get_firestore_token()
  File "/opt/nawgames/scripts/notify_lizardlens.py", line 34, in get_firestore_token
    creds.refresh(google.auth.transport.requests.Request())
  File "/usr/local/lib/python3.10/dist-packages/google/auth/credentials.py", line 367, in refresh
    self._perform_refresh_token(request)
  File "/usr/local/lib/python3.10/dist-packages/google/oauth2/service_account.py", line 457, in _perform_refresh_token
    access_token, expiry, _ = _client.jwt_grant(
  File "/usr/local/lib/python3.10/dist-packages/google/oauth2/_client.py", line 303, in jwt_grant
    response_data = _token_endpoint_request(
  File "/usr/local/lib/python3.10/dist-packages/google/oauth2/_client.py", line 263, in _token_endpoint_request
    ) = _token_endpoint_request_no_throw(
  File "/usr/local/lib/python3.10/dist-packages/google/oauth2/_client.py", line 192, in _token_endpoint_request_no_throw
    response = request(
  File "/usr/local/lib/python3.10/dist-packages/google/auth/transport/requests.py", line 195, in __call__
    raise new_exc from caught_exc
google.auth.exceptions.TransportError: HTTPSConnectionPool(host='oauth2.googleapis.com', port=443): Read timed out. (read timeout=120)
